"id";"pesid";"data_inversa";"dia_semana";"horario";"uf";"br";"km";"municipio";"causa_principal";"causa_acidente";"ordem_tipo_acidente";"tipo_acidente";"classificacao_acidente";"fase_dia";"sentido_via";"condicao_metereologica";"tipo_pista";"tracado_via";"uso_solo";"id_veiculo";"tipo_veiculo";"marca";"ano_fabricacao_veiculo";"tipo_envolvido";"estado_fisico";"idade";"sexo";"ilesos";"feridos_leves";"feridos_graves";"mortos";"latitude";"longitude";"regional";"delegacia";"uop"
183718;404994;2019-01-06;"domingo";"10:00:00";"PA";230;101;"SAO JOAO DO ARAGUAIA";"Sim";"Ingestao de alcool";1;"Colisao frontal";"Com Vitimas Feridas";"Pleno dia";"Crescente";"Ceu Claro";"Simples";"Reta";"Nao";326701;"Motocicleta";"HONDA/CG 150 TITAN ES";2004;"Condutor";"Lesoes Graves";38;"Masculino";0;0;1;0;"-5.400636";"-48.956333";"SR-PA";"DEL19/3";"UOP01/PA"
183718;404997;2019-01-06;"domingo";"10:00:00";"PA";230;101;"SAO JOAO DO ARAGUAIA";"Sim";"Ingestao de alcool";1;"Colisao frontal";"Com Vitimas Feridas";"Pleno dia";"Crescente";"Ceu Claro";"Simples";"Reta";"Nao";326745;"Automóvel";"FIAT/UNO ATTRACTIVE 1.0E";2016;"Passageiro";"Ileso";8;"Feminino";1;0;0;0;"-5.400636";"-48.956333";"SR-PA";"DEL19/3";"UOP01/PA"
183718;404996;2019-01-06;"domingo";"10:00:00";"PA";230;101;"SAO JOAO DO ARAGUAIA";"Sim";"Ingestao de alcool";1;"Colisao frontal";"Com Vitimas Feridas";"Pleno dia";"Crescente";"Ceu Claro";"Simples";"Reta";"Nao";326745;"Automóvel";"FIAT/UNO ATTRACTIVE 1.0E";2016;"Condutor";"Ileso";56;"Feminino";1;0;0;0;"-5.400636";"-48.956333";"SR-PA";"DEL19/3";"UOP01/PA"
183730;405089;2019-01-06;"domingo";"12:40:00";"RS";392;341;"SANTA MARIA";"Nao";"Ingestao de alcool";1;"Colisao lateral";"Sem Vitimas";"Pleno dia";"Crescente";"Ceu Claro";"Simples";"Reta";"Nao";326818;"Ônibus";"MBENZ/MPOLO PARADISO R";2011;"Condutor";"Ileso";51;"Masculino";1;0;0;0;"-29.813076";"-53.771732";"SR-RS";"DEL9/9";"UOP01/RS"
183730;405088;2019-01-06;"domingo";"12:40:00";"RS";392;341;"SANTA MARIA";"Nao";"Ingestao de alcool";1;"Colisao lateral";"Sem Vitimas";"Pleno dia";"Crescente";"Ceu Claro";"Simples";"Reta";"Nao";326817;"Automóvel";"GM/MONZA GL";1995;"Condutor";"Ileso";27;"Masculino";1;0;0;0;"-29.813076";"-53.771732";"SR-RS";"DEL9/9";"UOP01/RS"
183740;405090;2019-01-06;"domingo";"14:25:00";"DF";70;8,7;"BRASILIA";"Sim";"Ingestao de alcool";2;"Tombamento";"Com Vitimas Feridas";"Pleno dia";"Crescente";"Ceu Claro";"Dupla";"Reta";"Sim";326755;"Motocicleta";"YAMAHA/YS150 FAZER SED";2018;"Condutor";"Lesoes Leves";26;"Masculino";0;1;0;0;"-15.784966";"-48.122108";"SR-DF";"DF";"UOP06/DF"
183740;405093;2019-01-06;"domingo";"14:25:00";"DF";70;8,7;"BRASILIA";"Sim";"Ingestao de alcool";2;"Tombamento";"Com Vitimas Feridas";"Pleno dia";"Crescente";"Ceu Claro";"Dupla";"Reta";"Sim";326755;"Motocicleta";"YAMAHA/YS150 FAZER SED";2018;"Pedestre";"Lesoes Leves";44;"Masculino";0;1;0;0;"-15.784966";"-48.122108";"SR-DF";"DF";"UOP06/DF"
183791;405082;2019-01-06;"domingo";"17:45:00";"RN";101;84;"SAO GONCALO DO AMARANTE";"Sim";"Ingestao de alcool";1;"Colisao traseira";"Com Vitimas Feridas";"Anoitecer";"Crescente";"Ceu Claro";"Dupla";"Reta";"Sim";326799;"Utilitario";"I/GM TRACKER 2.0";2007;"Condutor";"Ileso";28;"Masculino";1;0;0;0;"-5.774175";"-35.257801";"SR-RN";"DEL15/2";"UOP01/RN"
183791;405080;2019-01-06;"domingo";"17:45:00";"RN";101;84;"SAO GONCALO DO AMARANTE";"Sim";"Ingestao de alcool";1;"Colisao traseira";"Com Vitimas Feridas";"Anoitecer";"Crescente";"Ceu Claro";"Dupla";"Reta";"Sim";326798;"Motocicleta";"HONDA/NXR150 BROS KS";2010;"Passageiro";"Lesoes Leves";23;"Feminino";0;1;0;0;"-5.774175";"-35.257801";"SR-RN";"DEL15/2";"UOP01/RN"
183791;405077;2019-01-06;"domingo";"17:45:00";"RN";101;84;"SAO GONCALO DO AMARANTE";"Sim";"Ingestao de alcool";1;"Colisao traseira";"Com Vitimas Feridas";"Anoitecer";"Crescente";"Ceu Claro";"Dupla";"Reta";"Sim";326798;"Motocicleta";"HONDA/NXR150 BROS KS";2010;"Condutor";"Lesoes Leves";NA;"Masculino";0;1;0;0;"-5.774175";"-35.257801";"SR-RN";"DEL15/2";"UOP01/RN"
183793;405133;2019-01-06;"domingo";"17:35:00";"SC";470;122,1;"IBIRAMA";"Sim";"Ingestao de alcool e/ou substâncias psicoativas pelo pedestre";1;"Colisao lateral";"Com Vitimas Feridas";"Pleno dia";"Crescente";"Ceu Claro";"Simples";"Reta";"Sim";326847;"Automóvel";"RENAULT/CAPTUR LIFE 16 A";2018;"Condutor";"Ileso";42;"Masculino";1;0;0;0;"-27.099888";"-49.527679";"SR-SC";"DEL8/4";"UOP02/SC"
183793;405132;2019-01-06;"domingo";"17:35:00";"SC";470;122,1;"IBIRAMA";"Sim";"Ingestao de alcool e/ou substâncias psicoativas pelo pedestre";1;"Colisao lateral";"Com Vitimas Feridas";"Pleno dia";"Crescente";"Ceu Claro";"Simples";"Reta";"Sim";326846;"Automóvel";"FIAT/UNO MILLE FIRE FLEX";2005;"Condutor";"Lesoes Leves";24;"Masculino";0;1;0;0;"-27.099888";"-49.527679";"SR-SC";"DEL8/4";"UOP02/SC"
183814;406865;2019-01-06;"domingo";"20:30:00";"SE";235;55;"ITABAIANA";"Sim";"Ingestao de alcool";1;"Colisao traseira";"Sem Vitimas";"Plena Noite";"Decrescente";"Ceu Claro";"Simples";"Reta";"Sim";326884;"Caminhonete";"FIAT/STRADA ADVENTURE CD";2017;"Condutor";"Ileso";55;"Masculino";1;0;0;0;"-10.667386";"-37.446014";"SR-SE";"DEL20/1";"UOP02/SE"
183814;406864;2019-01-06;"domingo";"20:30:00";"SE";235;55;"ITABAIANA";"Sim";"Ingestao de alcool";1;"Colisao traseira";"Sem Vitimas";"Plena Noite";"Decrescente";"Ceu Claro";"Simples";"Reta";"Sim";326883;"Automóvel";"VW/GOL CL MC";2015;"Condutor";"Ileso";57;"Masculino";1;0;0;0;"-10.667386";"-37.446014";"SR-SE";"DEL20/1";"UOP02/SE"
183823;405172;2019-01-06;"domingo";"22:05:00";"GO";414;393,1;"CORUMBA DE GOIAS";"Sim";"Ingestao de alcool";1;"Colisao com objeto estatico";"Sem Vitimas";"Plena Noite";"Decrescente";"Nublado";"Simples";"Reta";"Sim";326872;"Automóvel";"FIAT/PALIO FIRE WAY";2015;"Condutor";"Ileso";20;"Masculino";1;0;0;0;"-15.92370597";"-48.80612969";"SR-GO";"DEL1/2";"UOP01/GO"
183823;405173;2019-01-06;"domingo";"22:05:00";"GO";414;393,1;"CORUMBA DE GOIAS";"Sim";"Ingestao de alcool";1;"Colisao com objeto estatico";"Sem Vitimas";"Plena Noite";"Decrescente";"Nublado";"Simples";"Reta";"Sim";326872;"Automóvel";"FIAT/PALIO FIRE WAY";2015;"Passageiro";"Ileso";19;"Masculino";1;0;0;0;"-15.92370597";"-48.80612969";"SR-GO";"DEL1/2";"UOP01/GO"
183823;405174;2019-01-06;"domingo";"22:05:00";"GO";414;393,1;"CORUMBA DE GOIAS";"Sim";"Ingestao de alcool";1;"Colisao com objeto estatico";"Sem Vitimas";"Plena Noite";"Decrescente";"Nublado";"Simples";"Reta";"Sim";326872;"Automóvel";"FIAT/PALIO FIRE WAY";2015;"Passageiro";"Ileso";22;"Masculino";1;0;0;0;"-15.92370597";"-48.80612969";"SR-GO";"DEL1/2";"UOP01/GO"
183834;405183;2019-01-06;"domingo";"21:00:00";"BA";116;777;"PLANALTO";"Sim";"Ingestao de alcool";1;"Atropelamento de Pedestre";"Com Vitimas Feridas";"Plena Noite";"Crescente";"Ceu Claro";"Simples";"Reta";"Sim";326888;"Motocicleta";"";NA;"Condutor";"Lesoes Leves";24;"Masculino";0;1;0;0;"-14.6792539";"-40.49285889";"SR-BA";"DEL10/8";"UOP02/BA"
183834;405184;2019-01-06;"domingo";"21:00:00";"BA";116;777;"PLANALTO";"Sim";"Ingestao de alcool";1;"Atropelamento de Pedestre";"Com Vitimas Feridas";"Plena Noite";"Crescente";"Ceu Claro";"Simples";"Reta";"Sim";326888;"Motocicleta";"";NA;"Pedestre";"Lesoes Leves";26;"Feminino";0;1;0;0;"-14.6792539";"-40.49285889";"SR-BA";"DEL10/8";"UOP02/BA"
183842;405255;2019-01-06;"domingo";"23:45:00";"PE";428;190,1;"PETROLINA";"Sim";"Ingestao de alcool";1;"Colisao com objeto estatico";"Com Vitimas Feridas";"Plena Noite";"Crescente";"Ceu Claro";"Dupla";"Reta";"Sim";326885;"Automóvel";"GM/CORSA WIND";1998;"Passageiro";"Lesoes Leves";45;"Feminino";0;1;0;0;"-9.3802214";"-40.50985336";"SR-PE";"DEL11/6";"UOP01/PE"
183842;405254;2019-01-06;"domingo";"23:45:00";"PE";428;190,1;"PETROLINA";"Sim";"Ingestao de alcool";1;"Colisao com objeto estatico";"Com Vitimas Feridas";"Plena Noite";"Crescente";"Ceu Claro";"Dupla";"Reta";"Sim";326885;"Automóvel";"GM/CORSA WIND";1998;"Condutor";"Lesoes Leves";38;"Masculino";0;1;0;0;"-9.3802214";"-40.50985336";"SR-PE";"DEL11/6";"UOP01/PE"
183842;407189;2019-01-06;"domingo";"23:45:00";"PE";428;190,1;"PETROLINA";"Sim";"Ingestao de alcool";1;"Colisao com objeto estatico";"Com Vitimas Feridas";"Plena Noite";"Crescente";"Ceu Claro";"Dupla";"Reta";"Sim";326885;"Automóvel";"GM/CORSA WIND";1998;"Passageiro";"Lesoes Leves";53;"Masculino";0;1;0;0;"-9.3802214";"-40.50985336";"SR-PE";"DEL11/6";"UOP01/PE"
183846;405163;2019-01-07;"segunda-feira";"00:40:00";"MG";116;278;"TEOFILO OTONI";"Sim";"Ingestao de alcool";1;"Colisao lateral";"Sem Vitimas";"Plena Noite";"Decrescente";"Ceu Claro";"Multipla";"Reta";"Sim";326875;"Automóvel";"FIAT/MOBI LIKE";2017;"Condutor";"Ileso";26;"Masculino";1;0;0;0;"-17.86701476";"-41.51630402";"SR-MG";"DEL4/11";"UOP01/MG"
183846;405164;2019-01-07;"segunda-feira";"00:40:00";"MG";116;278;"TEOFILO OTONI";"Sim";"Ingestao de alcool";1;"Colisao lateral";"Sem Vitimas";"Plena Noite";"Decrescente";"Ceu Claro";"Multipla";"Reta";"Sim";326876;"Caminhao";"VW/24.250 CNC 6X2";2010;"Condutor";"Ileso";47;"Masculino";1;0;0;0;"-17.86701476";"-41.51630402";"SR-MG";"DEL4/11";"UOP01/MG"
183848;406527;2019-01-07;"segunda-feira";"00:05:00";"RJ";116;279;"BARRA MANSA";"Sim";"Ingestao de alcool";1;"Capotamento";"Com Vitimas Feridas";"Plena Noite";"Decrescente";"Ceu Claro";"Dupla";"Curva";"Nao";326936;"Automóvel";"GM/ASTRA HB 4P ADVANTAGE";2006;"Condutor";"Lesoes Leves";39;"Masculino";0;1;0;0;"-22.51104548";"-44.21751916";"SR-RJ";"DEL5/7";"UOP02/RJ"
183848;406528;2019-01-07;"segunda-feira";"00:05:00";"RJ";116;279;"BARRA MANSA";"Sim";"Ingestao de alcool";1;"Capotamento";"Com Vitimas Feridas";"Plena Noite";"Decrescente";"Ceu Claro";"Dupla";"Curva";"Nao";326936;"Automóvel";"GM/ASTRA HB 4P ADVANTAGE";2006;"Passageiro";"Lesoes Leves";36;"Feminino";0;1;0;0;"-22.51104548";"-44.21751916";"SR-RJ";"DEL5/7";"UOP02/RJ"
183856;406409;2019-01-07;"segunda-feira";"02:50:00";"PR";153;379,9;"MALLET";"Sim";"Ingestao de alcool";1;"Colisao frontal";"Com Vitimas Feridas";"Plena Noite";"Crescente";"Nublado";"Simples";"Reta";"Nao";326931;"Automóvel";"VW/GOL CL";1993;"Condutor";"Ileso";36;"Masculino";1;0;0;0;"-25.880728";"-50.836525";"SR-PR";"DEL7/3";"UOP04/PR"
183856;406411;2019-01-07;"segunda-feira";"02:50:00";"PR";153;379,9;"MALLET";"Sim";"Ingestao de alcool";1;"Colisao frontal";"Com Vitimas Feridas";"Plena Noite";"Crescente";"Nublado";"Simples";"Reta";"Nao";326932;"Automóvel";"VW/GOL 1.0 GIV";2011;"Condutor";"Lesoes Leves";24;"Masculino";0;1;0;0;"-25.880728";"-50.836525";"SR-PR";"DEL7/3";"UOP04/PR"
183888;406983;2019-01-07;"segunda-feira";"09:00:00";"RN";101;97;"NATAL";"Sim";"Ingestao de alcool";1;"Atropelamento de Pedestre";"Com Vitimas Feridas";"Pleno dia";"Decrescente";"Ceu Claro";"Multipla";"Reta";"Sim";327998;"Camioneta";"I/KIA SPORTAGE LX2 OFFG4";2013;"Pedestre";"Lesoes Leves";NA;"Masculino";0;1;0;0;"-5.857612";"-35.212723";"SR-RN";"DEL15/1";"UOP01/RN"
183888;406972;2019-01-07;"segunda-feira";"09:00:00";"RN";101;97;"NATAL";"Sim";"Ingestao de alcool";1;"Atropelamento de Pedestre";"Com Vitimas Feridas";"Pleno dia";"Decrescente";"Ceu Claro";"Multipla";"Reta";"Sim";327998;"Camioneta";"I/KIA SPORTAGE LX2 OFFG4";2013;"Condutor";"Ileso";39;"Masculino";1;0;0;0;"-5.857612";"-35.212723";"SR-RN";"DEL15/1";"UOP01/RN"
183964;405415;2019-01-07;"segunda-feira";"20:45:00";"MT";163;839,5;"SINOP";"Sim";"Ingestao de alcool";3;"Capotamento";"Com Vitimas Feridas";"Plena Noite";"Crescente";"Chuva";"Simples";"Reta";"Sim";327044;"Caminhonete";"FIAT/STRADA FIRE FLEX";2012;"Condutor";"Lesoes Leves";47;"Masculino";0;1;0;0;"-11.80857877";"-55.48244834";"SR-MT";"DEL2/6";"UOP02/MT"
183965;407043;2019-01-08;"terca-feira";"02:30:00";"SC";101;379,1;"ICARA";"Sim";"Ingestao de alcool";1;"Colisao com objeto estatico";"Com Vitimas Feridas";"Plena Noite";"Crescente";"Nublado";"Dupla";"Reta";"Sim";327042;"Automóvel";"FIAT/PALIO ATTRACTIV 1.0";2012;"Condutor";"Lesoes Leves";28;"Masculino";0;1;0;0;"-28.75430049";"-49.27600265";"SR-SC";"DEL8/2";"UOP01/SC"
183965;407149;2019-01-08;"terca-feira";"02:30:00";"SC";101;379,1;"ICARA";"Sim";"Ingestao de alcool";1;"Colisao com objeto estatico";"Com Vitimas Feridas";"Plena Noite";"Crescente";"Nublado";"Dupla";"Reta";"Sim";327042;"Automóvel";"FIAT/PALIO ATTRACTIV 1.0";2012;"Passageiro";"Lesoes Leves";33;"Feminino";0;1;0;0;"-28.75430049";"-49.27600265";"SR-SC";"DEL8/2";"UOP01/SC"
183971;405960;2019-01-07;"segunda-feira";"20:40:00";"PB";104;129,7;"CAMPINA GRANDE";"Sim";"Ingestao de alcool";1;"Atropelamento de Pedestre";"Com Vitimas Feridas";"Plena Noite";"Crescente";"Ceu Claro";"Simples";"Reta";"Sim";327052;"Micro-ônibus";"I/M.BENZ 312D SPRINTER M";2001;"Pedestre";"Lesoes Graves";42;"Masculino";0;0;1;0;"-7.27936";"-35.889091";"SR-PB";"DEL14/2";"UOP01/PB"
183971;405959;2019-01-07;"segunda-feira";"20:40:00";"PB";104;129,7;"CAMPINA GRANDE";"Sim";"Ingestao de alcool";1;"Atropelamento de Pedestre";"Com Vitimas Feridas";"Plena Noite";"Crescente";"Ceu Claro";"Simples";"Reta";"Sim";327052;"Micro-ônibus";"I/M.BENZ 312D SPRINTER M";2001;"Testemunha";"Nao Informado";NA;"Nao Informado";0;0;0;0;"-7.27936";"-35.889091";"SR-PB";"DEL14/2";"UOP01/PB"
183971;405958;2019-01-07;"segunda-feira";"20:40:00";"PB";104;129,7;"CAMPINA GRANDE";"Sim";"Ingestao de alcool";1;"Atropelamento de Pedestre";"Com Vitimas Feridas";"Plena Noite";"Crescente";"Ceu Claro";"Simples";"Reta";"Sim";327052;"Micro-ônibus";"I/M.BENZ 312D SPRINTER M";2001;"Condutor";"Ileso";44;"Masculino";1;0;0;0;"-7.27936";"-35.889091";"SR-PB";"DEL14/2";"UOP01/PB"
183975;406909;2019-01-07;"segunda-feira";"23:45:00";"DF";70;11;"BRASILIA";"Sim";"Ingestao de alcool";1;"Colisao lateral";"Sem Vitimas";"Plena Noite";"Crescente";"Ceu Claro";"Dupla";"Reta";"Nao";327062;"Automóvel";"FIAT/SIENA FIRE FLEX";2009;"Condutor";"Ileso";34;"Masculino";1;0;0;0;"-15.789762";"-48.148727";"SR-DF";"DF";"UOP06/DF"
183975;406907;2019-01-07;"segunda-feira";"23:45:00";"DF";70;11;"BRASILIA";"Sim";"Ingestao de alcool";1;"Colisao lateral";"Sem Vitimas";"Plena Noite";"Crescente";"Ceu Claro";"Dupla";"Reta";"Nao";327061;"Automóvel";"VW/VOYAGE 1.0";2012;"Condutor";"Ileso";48;"Masculino";1;0;0;0;"-15.789762";"-48.148727";"SR-DF";"DF";"UOP06/DF"
184005;405757;2019-01-08;"terca-feira";"10:00:00";"BA";116;410;"FEIRA DE SANTANA";"Nao";"Ingestao de alcool";1;"Colisao lateral";"Sem Vitimas";"Pleno dia";"Decrescente";"Nublado";"Simples";"Reta";"Nao";327174;"Ônibus";"SCANIA/COMIL CAMPIONE R";2006;"Condutor";"Ileso";49;"Masculino";1;0;0;0;"-12.12058349";"-38.9683083";"SR-BA";"DEL10/2";"UOP01/BA"
184005;405752;2019-01-08;"terca-feira";"10:00:00";"BA";116;410;"FEIRA DE SANTANA";"Nao";"Ingestao de alcool";1;"Colisao lateral";"Sem Vitimas";"Pleno dia";"Decrescente";"Nublado";"Simples";"Reta";"Nao";327173;"Caminhao";"M.BENZ/L 1620";2001;"Condutor";"Ileso";55;"Masculino";1;0;0;0;"-12.12058349";"-38.9683083";"SR-BA";"DEL10/2";"UOP01/BA"
184106;407355;2019-01-08;"terca-feira";"19:20:00";"PR";376;176,2;"MARINGA";"Sim";"Ingestao de alcool";1;"Colisao traseira";"Sem Vitimas";"Pleno dia";"Crescente";"Ceu Claro";"Dupla";"Reta";"Sim";327297;"Automóvel";"GM/CELTA 5 PORTAS SUPER";2003;"Condutor";"Ileso";41;"Feminino";1;0;0;0;"-23.412691";"-51.931583";"SR-PR";"DEL7/7";"UOP04/PR"
184106;407356;2019-01-08;"terca-feira";"19:20:00";"PR";376;176,2;"MARINGA";"Sim";"Ingestao de alcool";1;"Colisao traseira";"Sem Vitimas";"Pleno dia";"Crescente";"Ceu Claro";"Dupla";"Reta";"Sim";328444;"Caminhonete";"VW/SAVEIRO 1.6";2003;"Condutor";"Ileso";54;"Masculino";1;0;0;0;"-23.412691";"-51.931583";"SR-PR";"DEL7/7";"UOP04/PR"
184106;407359;2019-01-08;"terca-feira";"19:20:00";"PR";376;176,2;"MARINGA";"Sim";"Ingestao de alcool";1;"Colisao traseira";"Sem Vitimas";"Pleno dia";"Crescente";"Ceu Claro";"Dupla";"Reta";"Sim";328443;"Automóvel";"GM/CELTA 2P LIFE";2011;"Condutor";"Ileso";29;"Masculino";1;0;0;0;"-23.412691";"-51.931583";"SR-PR";"DEL7/7";"UOP04/PR"
184170;405971;2019-01-09;"quarta-feira";"11:30:00";"RS";285;271;"MATO CASTELHANO";"Sim";"Ingestao de alcool";1;"Colisao transversal";"Sem Vitimas";"Pleno dia";"Decrescente";"Nublado";"Simples";"Reta";"Sim";327415;"Automóvel";"VW/GOL SPECIAL MB";2015;"Condutor";"Ileso";42;"Masculino";1;0;0;0;"-28.282991";"-52.177471";"SR-RS";"DEL08";"UOP03/RS"
184170;405970;2019-01-09;"quarta-feira";"11:30:00";"RS";285;271;"MATO CASTELHANO";"Sim";"Ingestao de alcool";1;"Colisao transversal";"Sem Vitimas";"Pleno dia";"Decrescente";"Nublado";"Simples";"Reta";"Sim";327414;"Automóvel";"VW/VOYAGE 1.0";2009;"Condutor";"Ileso";72;"Masculino";1;0;0;0;"-28.282991";"-52.177471";"SR-RS";"DEL08";"UOP03/RS"
184213;407304;2019-01-09;"quarta-feira";"14:50:00";"PI";343;4;"TERESINA";"Sim";"Ingestao de alcool";1;"Colisao traseira";"Com Vitimas Feridas";"Pleno dia";"Decrescente";"Ceu Claro";"Dupla";"Reta";"Sim";327546;"Automóvel";"HONDA/HR-V EX CVT";2018;"Passageiro";"Ileso";66;"Masculino";1;0;0;0;"-5.089569";"-42.802288";"SR-PI";"DEL17/1";"UOP01/PI"
184213;407301;2019-01-09;"quarta-feira";"14:50:00";"PI";343;4;"TERESINA";"Sim";"Ingestao de alcool";1;"Colisao traseira";"Com Vitimas Feridas";"Pleno dia";"Decrescente";"Ceu Claro";"Dupla";"Reta";"Sim";327546;"Automóvel";"HONDA/HR-V EX CVT";2018;"Condutor";"Lesoes Leves";55;"Feminino";0;1;0;0;"-5.089569";"-42.802288";"SR-PI";"DEL17/1";"UOP01/PI"
184213;407298;2019-01-09;"quarta-feira";"14:50:00";"PI";343;4;"TERESINA";"Sim";"Ingestao de alcool";1;"Colisao traseira";"Com Vitimas Feridas";"Pleno dia";"Decrescente";"Ceu Claro";"Dupla";"Reta";"Sim";327545;"Automóvel";"FIAT/PUNTO ATTRACTIVE";2011;"Condutor";"Ileso";58;"Masculino";1;0;0;0;"-5.089569";"-42.802288";"SR-PI";"DEL17/1";"UOP01/PI"
184213;407300;2019-01-09;"quarta-feira";"14:50:00";"PI";343;4;"TERESINA";"Sim";"Ingestao de alcool";1;"Colisao traseira";"Com Vitimas Feridas";"Pleno dia";"Decrescente";"Ceu Claro";"Dupla";"Reta";"Sim";327545;"Automóvel";"FIAT/PUNTO ATTRACTIVE";2011;"Passageiro";"Ileso";37;"Feminino";1;0;0;0;"-5.089569";"-42.802288";"SR-PI";"DEL17/1";"UOP01/PI"
184226;410183;2019-01-09;"quarta-feira";"16:30:00";"BA";367;23;"PORTO SEGURO";"Sim";"Ingestao de alcool";1;"Colisao lateral";"Sem Vitimas";"Pleno dia";"Crescente";"Ceu Claro";"Simples";"Reta";"Sim";330557;"Ciclomotor";"I/HUARI MARVA 50 VIP";NA;"Condutor";"Ileso";24;"Masculino";1;0;0;0;"-16.435177";"-39.072018";"SR-BA";"DEL10/9";"UOP01/BA"
184226;410181;2019-01-09;"quarta-feira";"16:30:00";"BA";367;23;"PORTO SEGURO";"Sim";"Ingestao de alcool";1;"Colisao lateral";"Sem Vitimas";"Pleno dia";"Crescente";"Ceu Claro";"Simples";"Reta";"Sim";327508;"Caminhonete";"CHEVROLET/MONTANA LS1";2018;"Condutor";"Ileso";71;"Masculino";1;0;0;0;"-16.435177";"-39.072018";"SR-BA";"DEL10/9";"UOP01/BA"
184249;406306;2019-01-09;"quarta-feira";"17:10:00";"RR";174;26;"BOA VISTA";"Sim";"Ingestao de alcool";1;"Saida de leito carrocavel";"Com Vitimas Feridas";"Pleno dia";"Crescente";"Ceu Claro";"Simples";"Reta";"Nao";327594;"Motocicleta";"HONDA/CG 150 FAN ESI";2009;"Condutor";"Lesoes Leves";32;"Masculino";0;1;0;0;"2.95114118";"-60.74804306";"SR-RR";"UOP01/RR";""
184269;406219;2019-01-09;"quarta-feira";"20:30:00";"RJ";40;104;"DUQUE DE CAXIAS";"Sim";"Ingestao de alcool";1;"Colisao transversal";"Com Vitimas Feridas";"Plena Noite";"Decrescente";"Ceu Claro";"Dupla";"Reta";"Nao";327593;"Bicicleta";"";NA;"Condutor";"Lesoes Graves";NA;"Masculino";0;0;1;0;"-22.6383";"-43.2839";"SR-RJ";"DEL5/1";"UOP01/RJ"
184269;406216;2019-01-09;"quarta-feira";"20:30:00";"RJ";40;104;"DUQUE DE CAXIAS";"Sim";"Ingestao de alcool";1;"Colisao transversal";"Com Vitimas Feridas";"Plena Noite";"Decrescente";"Ceu Claro";"Dupla";"Reta";"Nao";327591;"Automóvel";"";NA;"Condutor";"Nao Informado";NA;"Nao Informado";0;0;0;0;"-22.6383";"-43.2839";"SR-RJ";"DEL5/1";"UOP01/RJ"
184272;406376;2019-01-09;"quarta-feira";"11:20:00";"SP";116;156,8;"SAO JOSE DOS CAMPOS";"Sim";"Ingestao de alcool";1;"Colisao com objeto estatico";"Com Vitimas Feridas";"Pleno dia";"Decrescente";"Sol";"Dupla";"Reta";"Sim";327674;"Caminhonete";"CHEVROLET/MONTANA LS";2013;"Condutor";"Lesoes Leves";34;"Masculino";0;1;0;0;"-23.219809";"-45.899918";"SR-SP";"DEL6/2";"UOP01/SP"
184274;406413;2019-01-09;"quarta-feira";"17:00:00";"MG";40;269;"SAO GONCALO DO ABAETE";"Sim";"Ingestao de alcool";1;"Saida de leito carrocavel";"Sem Vitimas";"Plena Noite";"Decrescente";"Ceu Claro";"Simples";"Reta";"Nao";327601;"Automóvel";"VW/SANTANA CL 1800 I";1993;"Condutor";"Ileso";60;"Masculino";1;0;0;0;"-18.172033";"-45.285259";"SR-MG";"DEL4/14";"UOP03/MG"
184290;406318;2019-01-10;"quinta-feira";"00:30:00";"CE";20;306,2;"CANINDE";"Sim";"Ingestao de alcool";1;"Colisao traseira";"Sem Vitimas";"Plena Noite";"Decrescente";"Nublado";"Simples";"Reta";"Sim";327656;"Motocicleta";"YAMAHA/XT 660R";2016;"Condutor";"Ileso";38;"Masculino";1;0;0;0;"-4.34944";"-39.299339";"SR-CE";"DEL16/2";"UOP01/CE"
184290;406320;2019-01-10;"quinta-feira";"00:30:00";"CE";20;306,2;"CANINDE";"Sim";"Ingestao de alcool";1;"Colisao traseira";"Sem Vitimas";"Plena Noite";"Decrescente";"Nublado";"Simples";"Reta";"Sim";327657;"Automóvel";"GM/CELTA 4P SPIRIT";2010;"Condutor";"Ileso";31;"Masculino";1;0;0;0;"-4.34944";"-39.299339";"SR-CE";"DEL16/2";"UOP01/CE"
184402;406648;2019-01-10;"quinta-feira";"16:20:00";"CE";116;5;"FORTALEZA";"Sim";"Ingestao de alcool";1;"Colisao traseira";"Com Vitimas Feridas";"Pleno dia";"Decrescente";"Ceu Claro";"Simples";"Viaduto";"Sim";327872;"Bicicleta";"";NA;"Condutor";"Lesoes Leves";48;"Masculino";0;1;0;0;"-3.8038";"-38.5032";"SR-CE";"DEL16/1";"UOP02/CE"