"id";"pesid";"data_inversa";"dia_semana";"horario";"uf";"br";"km";"municipio";"causa_principal";"causa_acidente";"ordem_tipo_acidente";"tipo_acidente";"classificacao_acidente";"fase_dia";"sentido_via";"condicao_metereologica";"tipo_pista";"tracado_via";"uso_solo";"id_veiculo";"tipo_veiculo";"marca";"ano_fabricacao_veiculo";"tipo_envolvido";"estado_fisico";"idade";"sexo";"ilesos";"feridos_leves";"feridos_graves";"mortos";"latitude";"longitude";"regional";"delegacia";"uop"
185030;408765;2019-01-13;"domingo";"18:00:00";"RR";401;5,1;"CANTA";"Sim";"Ingestao de alcool";1;"Colisao lateral";"Com Vitimas Feridas";"Anoitecer";"Decrescente";"Ceu Claro";"Simples";"Curva";"Nao";329028;"Motocicleta";"HONDA/CG 125 FAN ES";2011;"Condutor";"Lesoes Leves";20;"Masculino";0;1;0;0;"2.786235";"-60.650505";"SR-RR";"UOP01/RR";""
185030;408760;2019-01-13;"domingo";"18:00:00";"RR";401;5,1;"CANTA";"Sim";"Ingestao de alcool";1;"Colisao lateral";"Com Vitimas Feridas";"Anoitecer";"Decrescente";"Ceu Claro";"Simples";"Curva";"Nao";329026;"Motocicleta";"HONDA/NXR150 BROS ESD";2006;"Passageiro";"Lesoes Graves";33;"Feminino";0;0;1;0;"2.786235";"-60.650505";"SR-RR";"UOP01/RR";""
185030;408756;2019-01-13;"domingo";"18:00:00";"RR";401;5,1;"CANTA";"Sim";"Ingestao de alcool";1;"Colisao lateral";"Com Vitimas Feridas";"Anoitecer";"Decrescente";"Ceu Claro";"Simples";"Curva";"Nao";329026;"Motocicleta";"HONDA/NXR150 BROS ESD";2006;"Condutor";"Lesoes Leves";36;"Masculino";0;1;0;0;"2.786235";"-60.650505";"SR-RR";"UOP01/RR";""
185043;408184;2019-01-13;"domingo";"18:50:00";"RO";364;200,5;"PIMENTA BUENO";"Sim";"Ingestao de alcool";1;"Colisao traseira";"Com Vitimas Feridas";"Anoitecer";"Crescente";"Nublado";"Simples";"Reta";"Sim";329039;"Automóvel";"HONDA/CITY EX FLEX";2018;"Passageiro";"Lesoes Leves";52;"Masculino";0;1;0;0;"-11.652742";"-61.192787";"SR-RO";"DEL21/2";"UOP02/RO"
185043;408185;2019-01-13;"domingo";"18:50:00";"RO";364;200,5;"PIMENTA BUENO";"Sim";"Ingestao de alcool";1;"Colisao traseira";"Com Vitimas Feridas";"Anoitecer";"Crescente";"Nublado";"Simples";"Reta";"Sim";329039;"Automóvel";"HONDA/CITY EX FLEX";2018;"Passageiro";"Ileso";20;"Masculino";1;0;0;0;"-11.652742";"-61.192787";"SR-RO";"DEL21/2";"UOP02/RO"
185043;408182;2019-01-13;"domingo";"18:50:00";"RO";364;200,5;"PIMENTA BUENO";"Sim";"Ingestao de alcool";1;"Colisao traseira";"Com Vitimas Feridas";"Anoitecer";"Crescente";"Nublado";"Simples";"Reta";"Sim";329039;"Automóvel";"HONDA/CITY EX FLEX";2018;"Condutor";"Ileso";47;"Feminino";1;0;0;0;"-11.652742";"-61.192787";"SR-RO";"DEL21/2";"UOP02/RO"
185043;408187;2019-01-13;"domingo";"18:50:00";"RO";364;200,5;"PIMENTA BUENO";"Sim";"Ingestao de alcool";1;"Colisao traseira";"Com Vitimas Feridas";"Anoitecer";"Crescente";"Nublado";"Simples";"Reta";"Sim";329039;"Automóvel";"HONDA/CITY EX FLEX";2018;"Passageiro";"Ileso";9;"Feminino";1;0;0;0;"-11.652742";"-61.192787";"SR-RO";"DEL21/2";"UOP02/RO"
185043;408190;2019-01-13;"domingo";"18:50:00";"RO";364;200,5;"PIMENTA BUENO";"Sim";"Ingestao de alcool";1;"Colisao traseira";"Com Vitimas Feridas";"Anoitecer";"Crescente";"Nublado";"Simples";"Reta";"Sim";329040;"Automóvel";"VW/PARATI 2.0 CROSSOVER";2003;"Condutor";"Ileso";37;"Feminino";1;0;0;0;"-11.652742";"-61.192787";"SR-RO";"DEL21/2";"UOP02/RO"
185050;408144;2019-01-13;"domingo";"22:15:00";"RS";285;455,6;"IJUI";"Sim";"Ingestao de alcool";1;"Colisao frontal";"Com Vitimas Feridas";"Plena Noite";"Crescente";"Chuva";"Simples";"Reta";"Sim";329007;"Caminhao";"VOLVO/VM 220 4X2R";2014;"Condutor";"Ileso";29;"Masculino";1;0;0;0;"-28.38566169";"-53.88905525";"SR-RS";"DEL9/10";"UOP01/RS"
185050;408140;2019-01-13;"domingo";"22:15:00";"RS";285;455,6;"IJUI";"Sim";"Ingestao de alcool";1;"Colisao frontal";"Com Vitimas Feridas";"Plena Noite";"Crescente";"Chuva";"Simples";"Reta";"Sim";329006;"Automóvel";"GM/CORSA WIND";1996;"Condutor";"Lesoes Leves";49;"Masculino";0;1;0;0;"-28.38566169";"-53.88905525";"SR-RS";"DEL9/10";"UOP01/RS"
185053;408673;2019-01-13;"domingo";"21:30:00";"BA";116;423;"FEIRA DE SANTANA";"Nao";"Ingestao de alcool";1;"Colisao transversal";"Com Vitimas Feridas";"Plena Noite";"Crescente";"Ceu Claro";"Simples";"Intersecao de vias";"Sim";328993;"Automóvel";"GM/CORSA WIND";1998;"Condutor";"Ileso";37;"Masculino";1;0;0;0;"-12.2359634";"-38.97799199";"SR-BA";"DEL10/2";"UOP01/BA"
185053;408669;2019-01-13;"domingo";"21:30:00";"BA";116;423;"FEIRA DE SANTANA";"Nao";"Ingestao de alcool";1;"Colisao transversal";"Com Vitimas Feridas";"Plena Noite";"Crescente";"Ceu Claro";"Simples";"Intersecao de vias";"Sim";328992;"Motocicleta";"HONDA/CG 125 FAN KS";2012;"Condutor";"Lesoes Leves";30;"Masculino";0;1;0;0;"-12.2359634";"-38.97799199";"SR-BA";"DEL10/2";"UOP01/BA"
185059;408094;2019-01-13;"domingo";"19:15:00";"PE";423;139,3;"IATI";"Sim";"Ingestao de alcool";1;"Colisao lateral";"Com Vitimas Feridas";"Plena Noite";"Decrescente";"Ceu Claro";"Simples";"Reta";"Nao";328980;"Automóvel";"VW/POLO MF";2018;"Condutor";"Ileso";73;"Masculino";1;0;0;0;"-8.98919211";"-36.83956146";"SR-PE";"DEL11/3";"UOP01/PE"
185059;408085;2019-01-13;"domingo";"19:15:00";"PE";423;139,3;"IATI";"Sim";"Ingestao de alcool";1;"Colisao lateral";"Com Vitimas Feridas";"Plena Noite";"Decrescente";"Ceu Claro";"Simples";"Reta";"Nao";328979;"Automóvel";"I/JAC J3";2013;"Passageiro";"Ileso";8;"Feminino";1;0;0;0;"-8.98919211";"-36.83956146";"SR-PE";"DEL11/3";"UOP01/PE"
185059;408088;2019-01-13;"domingo";"19:15:00";"PE";423;139,3;"IATI";"Sim";"Ingestao de alcool";1;"Colisao lateral";"Com Vitimas Feridas";"Plena Noite";"Decrescente";"Ceu Claro";"Simples";"Reta";"Nao";328979;"Automóvel";"I/JAC J3";2013;"Passageiro";"Ileso";8;"Feminino";1;0;0;0;"-8.98919211";"-36.83956146";"SR-PE";"DEL11/3";"UOP01/PE"
185059;408083;2019-01-13;"domingo";"19:15:00";"PE";423;139,3;"IATI";"Sim";"Ingestao de alcool";1;"Colisao lateral";"Com Vitimas Feridas";"Plena Noite";"Decrescente";"Ceu Claro";"Simples";"Reta";"Nao";328979;"Automóvel";"I/JAC J3";2013;"Passageiro";"Ileso";42;"Feminino";1;0;0;0;"-8.98919211";"-36.83956146";"SR-PE";"DEL11/3";"UOP01/PE"
185059;408082;2019-01-13;"domingo";"19:15:00";"PE";423;139,3;"IATI";"Sim";"Ingestao de alcool";1;"Colisao lateral";"Com Vitimas Feridas";"Plena Noite";"Decrescente";"Ceu Claro";"Simples";"Reta";"Nao";328979;"Automóvel";"I/JAC J3";2013;"Condutor";"Lesoes Leves";32;"Masculino";0;1;0;0;"-8.98919211";"-36.83956146";"SR-PE";"DEL11/3";"UOP01/PE"
185069;408195;2019-01-13;"domingo";"22:20:00";"BA";135;184;"BARREIRAS";"Sim";"Ingestao de alcool";1;"Saida de leito carrocavel";"Sem Vitimas";"Plena Noite";"Decrescente";"Ceu Claro";"Simples";"Reta";"Nao";329061;"Automóvel";"FIAT/PALIO ELX FLEX";2005;"Condutor";"Nao Informado";NA;"Nao Informado";0;0;0;0;"-12.18861979";"-45.01244851";"SR-BA";"DEL10/10";"UOP01/BA"
185077;408180;2019-01-13;"domingo";"22:00:00";"PR";277;706,6;"SANTA TEREZINHA DE ITAIPU";"Sim";"Ingestao de alcool e/ou substâncias psicoativas pelo pedestre";1;"Atropelamento de Pedestre";"Com Vitimas Fatais";"Plena Noite";"Crescente";"Nublado";"Dupla";"Desvio Temporario";"Nao";329087;"Caminhonete";"GM/S10 EXECUTIVE D 4X4";2008;"Pedestre";"Óbito";55;"Masculino";0;0;0;1;"-25.435007";"-54.377857";"SR-PR";"DEL7/5";"UOP01/PR"
185077;408192;2019-01-13;"domingo";"22:00:00";"PR";277;706,6;"SANTA TEREZINHA DE ITAIPU";"Sim";"Ingestao de alcool e/ou substâncias psicoativas pelo pedestre";1;"Atropelamento de Pedestre";"Com Vitimas Fatais";"Plena Noite";"Crescente";"Nublado";"Dupla";"Desvio Temporario";"Nao";329087;"Caminhonete";"GM/S10 EXECUTIVE D 4X4";2008;"Passageiro";"Ileso";30;"Feminino";1;0;0;0;"-25.435007";"-54.377857";"SR-PR";"DEL7/5";"UOP01/PR"
185077;408197;2019-01-13;"domingo";"22:00:00";"PR";277;706,6;"SANTA TEREZINHA DE ITAIPU";"Sim";"Ingestao de alcool e/ou substâncias psicoativas pelo pedestre";1;"Atropelamento de Pedestre";"Com Vitimas Fatais";"Plena Noite";"Crescente";"Nublado";"Dupla";"Desvio Temporario";"Nao";329087;"Caminhonete";"GM/S10 EXECUTIVE D 4X4";2008;"Passageiro";"Ileso";11;"Masculino";1;0;0;0;"-25.435007";"-54.377857";"SR-PR";"DEL7/5";"UOP01/PR"
185077;408188;2019-01-13;"domingo";"22:00:00";"PR";277;706,6;"SANTA TEREZINHA DE ITAIPU";"Sim";"Ingestao de alcool e/ou substâncias psicoativas pelo pedestre";1;"Atropelamento de Pedestre";"Com Vitimas Fatais";"Plena Noite";"Crescente";"Nublado";"Dupla";"Desvio Temporario";"Nao";329087;"Caminhonete";"GM/S10 EXECUTIVE D 4X4";2008;"Condutor";"Ileso";37;"Masculino";1;0;0;0;"-25.435007";"-54.377857";"SR-PR";"DEL7/5";"UOP01/PR"
185077;408198;2019-01-13;"domingo";"22:00:00";"PR";277;706,6;"SANTA TEREZINHA DE ITAIPU";"Sim";"Ingestao de alcool e/ou substâncias psicoativas pelo pedestre";1;"Atropelamento de Pedestre";"Com Vitimas Fatais";"Plena Noite";"Crescente";"Nublado";"Dupla";"Desvio Temporario";"Nao";329087;"Caminhonete";"GM/S10 EXECUTIVE D 4X4";2008;"Passageiro";"Ileso";5;"Feminino";1;0;0;0;"-25.435007";"-54.377857";"SR-PR";"DEL7/5";"UOP01/PR"
185082;409517;2019-01-14;"segunda-feira";"00:10:00";"SC";470;118,4;"IBIRAMA";"Sim";"Ingestao de alcool";1;"Colisao frontal";"Com Vitimas Feridas";"Plena Noite";"Crescente";"Nublado";"Simples";"Intersecao de vias";"Nao";329031;"Caminhonete";"IVECO/DAILY14 RONTAN AMB";2009;"Condutor";"Ileso";29;"Masculino";1;0;0;0;"-27.082176";"-49.511818";"SR-SC";"DEL8/4";"UOP02/SC"
185082;409514;2019-01-14;"segunda-feira";"00:10:00";"SC";470;118,4;"IBIRAMA";"Sim";"Ingestao de alcool";1;"Colisao frontal";"Com Vitimas Feridas";"Plena Noite";"Crescente";"Nublado";"Simples";"Intersecao de vias";"Nao";329030;"Automóvel";"GM/ASTRA HB 4P COMFORT";2004;"Condutor";"Lesoes Leves";26;"Masculino";0;1;0;0;"-27.082176";"-49.511818";"SR-SC";"DEL8/4";"UOP02/SC"
185086;408233;2019-01-14;"segunda-feira";"01:15:00";"GO";70;10;"AGUAS LINDAS DE GOIAS";"Sim";"Ingestao de alcool";1;"Tombamento";"Com Vitimas Feridas";"Plena Noite";"Crescente";"Nublado";"Dupla";"Reta";"Nao";329117;"Motocicleta";"";NA;"Condutor";"Lesoes Leves";32;"Feminino";0;1;0;0;"-15.7372";"-48.2917";"SR-DF";"GO";"UOP06/DF"
185089;408817;2019-01-14;"segunda-feira";"01:35:00";"DF";20;5,8;"BRASILIA";"Sim";"Ingestao de alcool";5;"Incendio";"Com Vitimas Feridas";"Plena Noite";"Decrescente";"Ceu Claro";"Multipla";"Nao Informado";"Sim";329114;"Ônibus";"VW/COMIL PIA O";2006;"Condutor";"Ileso";40;"Masculino";1;0;0;0;"-15.66662763";"-47.80995903";"SR-DF";"DF";"UOP04/DF"
185089;408804;2019-01-14;"segunda-feira";"01:35:00";"DF";20;5,8;"BRASILIA";"Sim";"Ingestao de alcool";5;"Incendio";"Com Vitimas Feridas";"Plena Noite";"Decrescente";"Ceu Claro";"Multipla";"Nao Informado";"Sim";329113;"Automóvel";"CHEVROLET/CRUZE LT HB";2012;"Condutor";"Lesoes Leves";37;"Masculino";0;1;0;0;"-15.66662763";"-47.80995903";"SR-DF";"DF";"UOP04/DF"
185089;408784;2019-01-14;"segunda-feira";"01:35:00";"DF";20;5,8;"BRASILIA";"Sim";"Ingestao de alcool";5;"Incendio";"Com Vitimas Feridas";"Plena Noite";"Decrescente";"Ceu Claro";"Multipla";"Nao Informado";"Sim";329112;"Automóvel";"FIAT/PALIO ELX FLEX";2008;"Condutor";"Lesoes Leves";47;"Masculino";0;1;0;0;"-15.66662763";"-47.80995903";"SR-DF";"DF";"UOP04/DF"
185090;408139;2019-01-14;"segunda-feira";"00:30:00";"PR";476;170;"CONTENDA";"Sim";"Ingestao de alcool";2;"Capotamento";"Sem Vitimas";"Plena Noite";"Decrescente";"Nublado";"Simples";"Reta";"Nao";329048;"Automóvel";"FIAT/PALIO EX";2000;"Condutor";"Ileso";51;"Masculino";1;0;0;0;"-25.668074";"-49.503948";"SR-PR";"DEL7/1";"UOP04/PR"
185109;409731;2019-01-14;"segunda-feira";"05:35:00";"PR";277;4;"PARANAGUA";"Sim";"Ingestao de alcool";1;"Colisao transversal";"Com Vitimas Feridas";"Amanhecer";"Crescente";"Ceu Claro";"Simples";"Intersecao de vias";"Sim";330219;"Trem-bonde";"";NA;"Condutor";"Ileso";36;"Masculino";1;0;0;0;"-25.5205";"-48.5095";"SR-PR";"DEL7/1";"UOP07/PR"
185109;409730;2019-01-14;"segunda-feira";"05:35:00";"PR";277;4;"PARANAGUA";"Sim";"Ingestao de alcool";1;"Colisao transversal";"Com Vitimas Feridas";"Amanhecer";"Crescente";"Ceu Claro";"Simples";"Intersecao de vias";"Sim";329085;"Caminhao-trator";"VW/25.370 CLM T 6X2";2008;"Condutor";"Lesoes Leves";56;"Masculino";0;1;0;0;"-25.5205";"-48.5095";"SR-PR";"DEL7/1";"UOP07/PR"
185111;409682;2019-01-14;"segunda-feira";"00:55:00";"SC";282;163,4;"BOM RETIRO";"Sim";"Ingestao de alcool";2;"Colisao com objeto estatico";"Com Vitimas Fatais";"Plena Noite";"Crescente";"Ceu Claro";"Simples";"Reta";"Nao";329078;"Automóvel";"FIAT/UNO MILLE ECONOMY";2013;"Passageiro";"Lesoes Leves";16;"Masculino";0;1;0;0;"-27.729801";"-49.783264";"SR-SC";"DEL8/5";"UOP01/SC"
185111;409601;2019-01-14;"segunda-feira";"00:55:00";"SC";282;163,4;"BOM RETIRO";"Sim";"Ingestao de alcool";2;"Colisao com objeto estatico";"Com Vitimas Fatais";"Plena Noite";"Crescente";"Ceu Claro";"Simples";"Reta";"Nao";329078;"Automóvel";"FIAT/UNO MILLE ECONOMY";2013;"Testemunha";"Nao Informado";NA;"Nao Informado";0;0;0;0;"-27.729801";"-49.783264";"SR-SC";"DEL8/5";"UOP01/SC"
185111;409536;2019-01-14;"segunda-feira";"00:55:00";"SC";282;163,4;"BOM RETIRO";"Sim";"Ingestao de alcool";2;"Colisao com objeto estatico";"Com Vitimas Fatais";"Plena Noite";"Crescente";"Ceu Claro";"Simples";"Reta";"Nao";329078;"Automóvel";"FIAT/UNO MILLE ECONOMY";2013;"Passageiro";"Óbito";27;"Masculino";0;0;0;1;"-27.729801";"-49.783264";"SR-SC";"DEL8/5";"UOP01/SC"
185111;409685;2019-01-14;"segunda-feira";"00:55:00";"SC";282;163,4;"BOM RETIRO";"Sim";"Ingestao de alcool";2;"Colisao com objeto estatico";"Com Vitimas Fatais";"Plena Noite";"Crescente";"Ceu Claro";"Simples";"Reta";"Nao";329078;"Automóvel";"FIAT/UNO MILLE ECONOMY";2013;"Passageiro";"Ileso";27;"Masculino";1;0;0;0;"-27.729801";"-49.783264";"SR-SC";"DEL8/5";"UOP01/SC"
185111;409683;2019-01-14;"segunda-feira";"00:55:00";"SC";282;163,4;"BOM RETIRO";"Sim";"Ingestao de alcool";2;"Colisao com objeto estatico";"Com Vitimas Fatais";"Plena Noite";"Crescente";"Ceu Claro";"Simples";"Reta";"Nao";329078;"Automóvel";"FIAT/UNO MILLE ECONOMY";2013;"Passageiro";"Lesoes Leves";21;"Feminino";0;1;0;0;"-27.729801";"-49.783264";"SR-SC";"DEL8/5";"UOP01/SC"
185111;409544;2019-01-14;"segunda-feira";"00:55:00";"SC";282;163,4;"BOM RETIRO";"Sim";"Ingestao de alcool";2;"Colisao com objeto estatico";"Com Vitimas Fatais";"Plena Noite";"Crescente";"Ceu Claro";"Simples";"Reta";"Nao";329078;"Automóvel";"FIAT/UNO MILLE ECONOMY";2013;"Condutor";"Lesoes Leves";40;"Masculino";0;1;0;0;"-27.729801";"-49.783264";"SR-SC";"DEL8/5";"UOP01/SC"
185139;410036;2019-01-14;"segunda-feira";"07:40:00";"SP";116;220;"GUARULHOS";"Sim";"Ingestao de alcool";2;"Queda de ocupante de veiculo";"Com Vitimas Feridas";"Pleno dia";"Crescente";"Sol";"Multipla";"Reta";"Sim";329153;"Automóvel";"FIAT/IDEA ELX FLEX";2009;"Condutor";"Ileso";42;"Feminino";1;0;0;0;"-23.46690132";"-46.50498889";"SR-SP";"DEL6/1";"UOP01/SP"
185139;410030;2019-01-14;"segunda-feira";"07:40:00";"SP";116;220;"GUARULHOS";"Sim";"Ingestao de alcool";2;"Queda de ocupante de veiculo";"Com Vitimas Feridas";"Pleno dia";"Crescente";"Sol";"Multipla";"Reta";"Sim";329152;"Motocicleta";"YAMAHA/YBR150 FACTOR ED";2015;"Passageiro";"Lesoes Leves";29;"Feminino";0;1;0;0;"-23.46690132";"-46.50498889";"SR-SP";"DEL6/1";"UOP01/SP"
185139;410029;2019-01-14;"segunda-feira";"07:40:00";"SP";116;220;"GUARULHOS";"Sim";"Ingestao de alcool";2;"Queda de ocupante de veiculo";"Com Vitimas Feridas";"Pleno dia";"Crescente";"Sol";"Multipla";"Reta";"Sim";329152;"Motocicleta";"YAMAHA/YBR150 FACTOR ED";2015;"Condutor";"Lesoes Leves";27;"Masculino";0;1;0;0;"-23.46690132";"-46.50498889";"SR-SP";"DEL6/1";"UOP01/SP"
185158;409140;2019-01-12;"sabado";"19:10:00";"SC";282;641,4;"DESCANSO";"Sim";"Ingestao de alcool";1;"Saida de leito carrocavel";"Sem Vitimas";"Pleno dia";"Crescente";"Chuva";"Simples";"Nao Informado";"Nao";329162;"Camioneta";"FORD/ECOSPORT XLT1.6FLEX";2009;"Condutor";"Ileso";61;"Masculino";1;0;0;0;"-26.77529801";"-53.45893621";"SR-SC";"DEL7";"UOP03/SC"
185204;408458;2019-01-14;"segunda-feira";"12:36:00";"PR";369;149,2;"LONDRINA";"Sim";"Ingestao de alcool e/ou substâncias psicoativas pelo pedestre";1;"Atropelamento de Pedestre";"Com Vitimas Fatais";"Pleno dia";"Decrescente";"Ceu Claro";"Dupla";"Reta";"Sim";329225;"Caminhao";"FORD/F600";1975;"Pedestre";"Óbito";68;"Masculino";0;0;0;1;"-23.29273238";"-51.15373313";"SR-PR";"DEL7/7";"UOP01/PR"
185204;408457;2019-01-14;"segunda-feira";"12:36:00";"PR";369;149,2;"LONDRINA";"Sim";"Ingestao de alcool e/ou substâncias psicoativas pelo pedestre";1;"Atropelamento de Pedestre";"Com Vitimas Fatais";"Pleno dia";"Decrescente";"Ceu Claro";"Dupla";"Reta";"Sim";329225;"Caminhao";"FORD/F600";1975;"Condutor";"Ileso";29;"Masculino";1;0;0;0;"-23.29273238";"-51.15373313";"SR-PR";"DEL7/7";"UOP01/PR"
185204;408459;2019-01-14;"segunda-feira";"12:36:00";"PR";369;149,2;"LONDRINA";"Sim";"Ingestao de alcool e/ou substâncias psicoativas pelo pedestre";1;"Atropelamento de Pedestre";"Com Vitimas Fatais";"Pleno dia";"Decrescente";"Ceu Claro";"Dupla";"Reta";"Sim";329225;"Caminhao";"FORD/F600";1975;"Testemunha";"Nao Informado";NA;"Nao Informado";0;0;0;0;"-23.29273238";"-51.15373313";"SR-PR";"DEL7/7";"UOP01/PR"
185219;408359;2019-01-01;"terca-feira";"15:00:00";"PE";101;71,2;"RECIFE";"Nao";"Ingestao de alcool";1;"Colisao traseira";"Com Vitimas Feridas";"Pleno dia";"Crescente";"Nublado";"Dupla";"Reta";"Sim";329228;"Automóvel";"FIAT/UNO MILLE ECONOMY";2013;"Condutor";"Ileso";22;"Masculino";1;0;0;0;"-8.0857";"-34.9457";"SR-PE";"DEL11/1";"UOP01/PE"
185219;408358;2019-01-01;"terca-feira";"15:00:00";"PE";101;71,2;"RECIFE";"Nao";"Ingestao de alcool";1;"Colisao traseira";"Com Vitimas Feridas";"Pleno dia";"Crescente";"Nublado";"Dupla";"Reta";"Sim";329227;"Motocicleta";"HONDA/CG 160 TITAN";2017;"Passageiro";"Lesoes Leves";35;"Feminino";0;1;0;0;"-8.0857";"-34.9457";"SR-PE";"DEL11/1";"UOP01/PE"
185219;408357;2019-01-01;"terca-feira";"15:00:00";"PE";101;71,2;"RECIFE";"Nao";"Ingestao de alcool";1;"Colisao traseira";"Com Vitimas Feridas";"Pleno dia";"Crescente";"Nublado";"Dupla";"Reta";"Sim";329227;"Motocicleta";"HONDA/CG 160 TITAN";2017;"Condutor";"Ileso";36;"Masculino";1;0;0;0;"-8.0857";"-34.9457";"SR-PE";"DEL11/1";"UOP01/PE"
185248;409645;2019-01-13;"domingo";"18:50:00";"PI";135;557;"CORRENTE";"Sim";"Ingestao de alcool";1;"Colisao lateral";"Sem Vitimas";"Plena Noite";"Decrescente";"Ceu Claro";"Simples";"Reta";"Nao";330151;"Caminhao-trator";"M.BENZ/1938 S";2004;"Condutor";"Ileso";40;"Masculino";1;0;0;0;"-10.145636";"-45.193714";"SR-PI";"DEL17/3";"UOP02/PI"
185248;409644;2019-01-13;"domingo";"18:50:00";"PI";135;557;"CORRENTE";"Sim";"Ingestao de alcool";1;"Colisao lateral";"Sem Vitimas";"Plena Noite";"Decrescente";"Ceu Claro";"Simples";"Reta";"Nao";330150;"Caminhonete";"CHEVROLET/S10 LS DD4";2017;"Condutor";"Ileso";53;"Masculino";1;0;0;0;"-10.145636";"-45.193714";"SR-PI";"DEL17/3";"UOP02/PI"
185278;410019;2019-01-14;"segunda-feira";"20:20:00";"PR";376;176;"MARINGA";"Sim";"Ingestao de alcool";1;"Colisao lateral";"Sem Vitimas";"Plena Noite";"Crescente";"Nublado";"Dupla";"Reta";"Sim";330450;"Automóvel";"GM/MERIVA PREMIUM";2012;"Condutor";"Ileso";56;"Masculino";1;0;0;0;"-23.412691";"-51.931583";"SR-PR";"DEL7/7";"UOP04/PR"
185278;410021;2019-01-14;"segunda-feira";"20:20:00";"PR";376;176;"MARINGA";"Sim";"Ingestao de alcool";1;"Colisao lateral";"Sem Vitimas";"Plena Noite";"Crescente";"Nublado";"Dupla";"Reta";"Sim";329374;"Automóvel";"GM/KADETT GS";1991;"Condutor";"Ileso";45;"Masculino";1;0;0;0;"-23.412691";"-51.931583";"SR-PR";"DEL7/7";"UOP04/PR"
185281;410085;2019-01-14;"segunda-feira";"19:00:00";"MG";116;527,2;"CARATINGA";"Sim";"Ingestao de alcool";1;"Colisao traseira";"Com Vitimas Feridas";"Anoitecer";"Crescente";"Nublado";"Simples";"Reta";"Sim";329381;"Motocicleta";"HONDA/NXR150 BROS MIX ES";2010;"Condutor";"Lesoes Leves";45;"Masculino";0;1;0;0;"-19.775033";"-42.132233";"SR-MG";"DEL4/6";"UOP02/MG"
185281;410082;2019-01-14;"segunda-feira";"19:00:00";"MG";116;527,2;"CARATINGA";"Sim";"Ingestao de alcool";1;"Colisao traseira";"Com Vitimas Feridas";"Anoitecer";"Crescente";"Nublado";"Simples";"Reta";"Sim";329380;"Automóvel";"FORD/FIESTA";2002;"Condutor";"Ileso";43;"Masculino";1;0;0;0;"-19.775033";"-42.132233";"SR-MG";"DEL4/6";"UOP02/MG"
185325;408715;2019-01-15;"terca-feira";"07:55:00";"MG";50;172,2;"UBERABA";"Sim";"Ingestao de alcool";1;"Saida de leito carrocavel";"Com Vitimas Feridas";"Pleno dia";"Decrescente";"Ceu Claro";"Dupla";"Nao Informado";"Sim";329456;"Automóvel";"VW/GOL CITY MB S";2014;"Condutor";"Lesoes Leves";35;"Masculino";0;1;0;0;"-19.75820383";"-47.97863267";"SR-MG";"DEL13";"UOP01/MG"
185330;408787;2019-01-12;"sabado";"17:45:00";"SC";101;134;"BALNEARIO CAMBORIU";"Sim";"Ingestao de alcool";1;"Colisao com objeto estatico";"Sem Vitimas";"Pleno dia";"Decrescente";"Ceu Claro";"Dupla";"Reta";"Sim";329451;"Automóvel";"FORD/FIESTA SEDAN1.6FLEX";2006;"Condutor";"Ileso";40;"Masculino";1;0;0;0;"-27.0049";"-48.6266";"SR-SC";"DEL8/4";"UOP03/SC"
185410;408887;2019-01-15;"terca-feira";"16:15:00";"RS";290;107;"ELDORADO DO SUL";"Sim";"Ingestao de alcool";1;"Colisao lateral";"Com Vitimas Feridas";"Pleno dia";"Decrescente";"Ceu Claro";"Dupla";"Viaduto";"Sim";329581;"Caminhao-trator";"M.BENZ/LS 1938";2000;"Condutor";"Ileso";38;"Masculino";1;0;0;0;"-30.001852";"-51.304264";"SR-RS";"DEL9/2";"UOP01/RS"