"id";"pesid";"data_inversa";"dia_semana";"horario";"uf";"br";"km";"municipio";"causa_principal";"causa_acidente";"ordem_tipo_acidente";"tipo_acidente";"classificacao_acidente";"fase_dia";"sentido_via";"condicao_metereologica";"tipo_pista";"tracado_via";"uso_solo";"id_veiculo";"tipo_veiculo";"marca";"ano_fabricacao_veiculo";"tipo_envolvido";"estado_fisico";"idade";"sexo";"ilesos";"feridos_leves";"feridos_graves";"mortos";"latitude";"longitude";"regional";"delegacia";"uop"
186291;414547;2019-01-20;"domingo";"00:20:00";"CE";116;35;"HORIZONTE";"Sim";"Ingestao de alcool";3;"Capotamento";"Com Vitimas Feridas";"Plena Noite";"Crescente";"Ceu Claro";"Dupla";"Reta";"Sim";332534;"Automóvel";"VW/GOLF 1.6 SPORTLINE";2011;"Condutor";"Ileso";34;"Masculino";1;0;0;0;"-4.0664";"-38.5024";"SR-CE";"DEL16/1";"UOP02/CE"
186291;414558;2019-01-20;"domingo";"00:20:00";"CE";116;35;"HORIZONTE";"Sim";"Ingestao de alcool";3;"Capotamento";"Com Vitimas Feridas";"Plena Noite";"Crescente";"Ceu Claro";"Dupla";"Reta";"Sim";332534;"Automóvel";"VW/GOLF 1.6 SPORTLINE";2011;"Passageiro";"Lesoes Graves";15;"Masculino";0;0;1;0;"-4.0664";"-38.5024";"SR-CE";"DEL16/1";"UOP02/CE"
186291;414560;2019-01-20;"domingo";"00:20:00";"CE";116;35;"HORIZONTE";"Sim";"Ingestao de alcool";3;"Capotamento";"Com Vitimas Feridas";"Plena Noite";"Crescente";"Ceu Claro";"Dupla";"Reta";"Sim";332534;"Automóvel";"VW/GOLF 1.6 SPORTLINE";2011;"Passageiro";"Lesoes Leves";16;"Masculino";0;1;0;0;"-4.0664";"-38.5024";"SR-CE";"DEL16/1";"UOP02/CE"
186291;414551;2019-01-20;"domingo";"00:20:00";"CE";116;35;"HORIZONTE";"Sim";"Ingestao de alcool";3;"Capotamento";"Com Vitimas Feridas";"Plena Noite";"Crescente";"Ceu Claro";"Dupla";"Reta";"Sim";332534;"Automóvel";"VW/GOLF 1.6 SPORTLINE";2011;"Passageiro";"Ileso";9;"Masculino";1;0;0;0;"-4.0664";"-38.5024";"SR-CE";"DEL16/1";"UOP02/CE"
186299;412426;2019-01-20;"domingo";"01:40:00";"RS";290;91,1;"PORTO ALEGRE";"Sim";"Ingestao de alcool";1;"Saida de leito carrocavel";"Sem Vitimas";"Plena Noite";"Decrescente";"Ceu Claro";"Simples";"Curva";"Sim";332278;"Automóvel";"VW/GOL 1.0 GIV";2011;"Condutor";"Ileso";22;"Feminino";1;0;0;0;"-29.96995099";"-51.16835302";"SR-RS";"DEL9/1";"UOP01/RS"
186312;412741;2019-01-20;"domingo";"06:30:00";"MT";163;759;"SORRISO";"Sim";"Ingestao de alcool";1;"Saida de leito carrocavel";"Sem Vitimas";"Amanhecer";"Crescente";"Ceu Claro";"Simples";"Reta";"Nao";331265;"Automóvel";"FIAT/PALIO FIRE";2003;"Condutor";"Ileso";27;"Masculino";1;0;0;0;"-12.49783168";"-55.68730566";"SR-MT";"DEL2/6";"UOP01/MT"
186316;412769;2019-01-20;"domingo";"04:50:00";"CE";222;2,9;"FORTALEZA";"Sim";"Ingestao de alcool e/ou substâncias psicoativas pelo pedestre";1;"Atropelamento de Pedestre";"Com Vitimas Feridas";"Amanhecer";"Crescente";"Chuva";"Multipla";"Reta";"Sim";332477;"Automóvel";"VW/GOL 1.0";2012;"Pedestre";"Lesoes Leves";NA;"Masculino";0;1;0;0;"-3.739117";"-38.586914";"SR-CE";"DEL16/1";"UOP01/CE"
186316;412767;2019-01-20;"domingo";"04:50:00";"CE";222;2,9;"FORTALEZA";"Sim";"Ingestao de alcool e/ou substâncias psicoativas pelo pedestre";1;"Atropelamento de Pedestre";"Com Vitimas Feridas";"Amanhecer";"Crescente";"Chuva";"Multipla";"Reta";"Sim";332477;"Automóvel";"VW/GOL 1.0";2012;"Condutor";"Ileso";63;"Masculino";1;0;0;0;"-3.739117";"-38.586914";"SR-CE";"DEL16/1";"UOP01/CE"
186325;410887;2019-01-20;"domingo";"06:10:00";"SP";116;219;"GUARULHOS";"Sim";"Ingestao de alcool";1;"Colisao com objeto estatico";"Com Vitimas Feridas";"Amanhecer";"Decrescente";"Nublado";"Multipla";"Reta";"Sim";331216;"Automóvel";"GM/OMEGA GLS";1993;"Condutor";"Lesoes Leves";27;"Masculino";0;1;0;0;"-23.46151418";"-46.48778915";"SR-SP";"DEL6/1";"UOP01/SP"
186326;412529;2019-01-20;"domingo";"00:00:00";"RR";174;503,6;"BOA VISTA";"Sim";"Ingestao de alcool e/ou substâncias psicoativas pelo pedestre";1;"Colisao traseira";"Sem Vitimas";"Plena Noite";"Decrescente";"Ceu Claro";"Dupla";"Reta";"Sim";331235;"Automóvel";"VW/NOVO GOL TL MCV";2016;"Condutor";"Ileso";27;"Masculino";1;0;0;0;"2.794901";"-60.698441";"SR-RR";"UOP01/RR";""
186326;412523;2019-01-20;"domingo";"00:00:00";"RR";174;503,6;"BOA VISTA";"Sim";"Ingestao de alcool e/ou substâncias psicoativas pelo pedestre";1;"Colisao traseira";"Sem Vitimas";"Plena Noite";"Decrescente";"Ceu Claro";"Dupla";"Reta";"Sim";331234;"Automóvel";"GM/ASTRA SEDAN ADVANTAGE";2008;"Passageiro";"Ileso";26;"Feminino";1;0;0;0;"2.794901";"-60.698441";"SR-RR";"UOP01/RR";""
186326;412517;2019-01-20;"domingo";"00:00:00";"RR";174;503,6;"BOA VISTA";"Sim";"Ingestao de alcool e/ou substâncias psicoativas pelo pedestre";1;"Colisao traseira";"Sem Vitimas";"Plena Noite";"Decrescente";"Ceu Claro";"Dupla";"Reta";"Sim";331234;"Automóvel";"GM/ASTRA SEDAN ADVANTAGE";2008;"Condutor";"Nao Informado";NA;"Nao Informado";0;0;0;0;"2.794901";"-60.698441";"SR-RR";"UOP01/RR";""
186380;411090;2019-01-20;"domingo";"13:30:00";"ES";101;258,8;"SERRA";"Sim";"Ingestao de alcool";1;"Capotamento";"Com Vitimas Feridas";"Pleno dia";"Crescente";"Ceu Claro";"Dupla";"Reta";"Sim";331348;"Automóvel";"FIAT/UNO WAY 1.0";2011;"Condutor";"Lesoes Leves";66;"Masculino";0;1;0;0;"-20.13532297";"-40.29267138";"SR-ES";"DEL12/2";"UOP01/ES"
186432;411112;2019-01-20;"domingo";"15:20:00";"PE";232;413,7;"SERRA TALHADA";"Sim";"Ingestao de alcool";1;"Saida de leito carrocavel";"Com Vitimas Feridas";"Pleno dia";"Crescente";"Ceu Claro";"Simples";"Nao Informado";"Sim";331377;"Motocicleta";"HONDA/CG 125 TITAN";1996;"Condutor";"Lesoes Graves";27;"Masculino";0;0;1;0;"-7.98694515";"-38.32717896";"SR-PE";"DEL11/4";"UOP01/PE"
186432;411404;2019-01-20;"domingo";"15:20:00";"PE";232;413,7;"SERRA TALHADA";"Sim";"Ingestao de alcool";1;"Saida de leito carrocavel";"Com Vitimas Feridas";"Pleno dia";"Crescente";"Ceu Claro";"Simples";"Nao Informado";"Sim";331377;"Motocicleta";"HONDA/CG 125 TITAN";1996;"Passageiro";"Lesoes Leves";25;"Feminino";0;1;0;0;"-7.98694515";"-38.32717896";"SR-PE";"DEL11/4";"UOP01/PE"
186459;411138;2019-01-20;"domingo";"18:10:00";"MG";NA;NA;"ARAUJOS";"Sim";"Ingestao de alcool";1;"Colisao com objeto estatico";"Sem Vitimas";"Pleno dia";"Nao Informado";"Ceu Claro";"Simples";"Reta";"Nao";331395;"Automóvel";"GM/KADETT LITE";1993;"Condutor";"Ileso";34;"Masculino";1;0;0;0;"-19.7872324";"-45.2308929";"SR-MG";"DEL4/8";"UOP03/MG"
186459;411141;2019-01-20;"domingo";"18:10:00";"MG";NA;NA;"ARAUJOS";"Sim";"Ingestao de alcool";1;"Colisao com objeto estatico";"Sem Vitimas";"Pleno dia";"Nao Informado";"Ceu Claro";"Simples";"Reta";"Nao";331395;"Automóvel";"GM/KADETT LITE";1993;"Passageiro";"Ileso";29;"Feminino";1;0;0;0;"-19.7872324";"-45.2308929";"SR-MG";"DEL4/8";"UOP03/MG"
186464;411164;2019-01-20;"domingo";"16:30:00";"RS";471;486;"CHUI";"Sim";"Ingestao de alcool";1;"Saida de leito carrocavel";"Sem Vitimas";"Pleno dia";"Decrescente";"Ceu Claro";"Simples";"Reta";"Nao";331409;"Automóvel";"GM/CORSA";2000;"Condutor";"Ileso";34;"Masculino";1;0;0;0;"-33.637653";"-53.419846";"SR-RS";"DEL9/7";"UOP02/RS"
186479;411311;2019-01-20;"domingo";"18:00:00";"PA";10;17;"DOM ELISEU";"Sim";"Ingestao de alcool";1;"Colisao transversal";"Com Vitimas Feridas";"Anoitecer";"Decrescente";"Ceu Claro";"Simples";"Reta";"Sim";331447;"Motocicleta";"HONDA/CG 150 FAN ESI";2010;"Condutor";"Lesoes Leves";58;"Masculino";0;1;0;0;"-4.293095";"-47.556904";"SR-PA";"DEL19/2";"UOP03/PA"
186479;411309;2019-01-20;"domingo";"18:00:00";"PA";10;17;"DOM ELISEU";"Sim";"Ingestao de alcool";1;"Colisao transversal";"Com Vitimas Feridas";"Anoitecer";"Decrescente";"Ceu Claro";"Simples";"Reta";"Sim";331446;"Caminhonete";"VW/SAVEIRO 1.8";2000;"Condutor";"Ileso";32;"Masculino";1;0;0;0;"-4.293095";"-47.556904";"SR-PA";"DEL19/2";"UOP03/PA"
186484;411265;2019-01-20;"domingo";"20:20:00";"MG";50;170;"UBERABA";"Sim";"Ingestao de alcool";1;"Colisao com objeto estatico";"Sem Vitimas";"Plena Noite";"Crescente";"Ceu Claro";"Dupla";"Reta";"Sim";331499;"Caminhonete";"RENAULT/OROCH 20 DYN42AT";2018;"Condutor";"Ileso";43;"Masculino";1;0;0;0;"-19.7448";"-47.984";"SR-MG";"DEL13";"UOP01/MG"
186484;411269;2019-01-20;"domingo";"20:20:00";"MG";50;170;"UBERABA";"Sim";"Ingestao de alcool";1;"Colisao com objeto estatico";"Sem Vitimas";"Plena Noite";"Crescente";"Ceu Claro";"Dupla";"Reta";"Sim";331499;"Caminhonete";"RENAULT/OROCH 20 DYN42AT";2018;"Testemunha";"Nao Informado";NA;"Nao Informado";0;0;0;0;"-19.7448";"-47.984";"SR-MG";"DEL13";"UOP01/MG"
186484;411267;2019-01-20;"domingo";"20:20:00";"MG";50;170;"UBERABA";"Sim";"Ingestao de alcool";1;"Colisao com objeto estatico";"Sem Vitimas";"Plena Noite";"Crescente";"Ceu Claro";"Dupla";"Reta";"Sim";331499;"Caminhonete";"RENAULT/OROCH 20 DYN42AT";2018;"Passageiro";"Ileso";49;"Masculino";1;0;0;0;"-19.7448";"-47.984";"SR-MG";"DEL13";"UOP01/MG"
186484;411268;2019-01-20;"domingo";"20:20:00";"MG";50;170;"UBERABA";"Sim";"Ingestao de alcool";1;"Colisao com objeto estatico";"Sem Vitimas";"Plena Noite";"Crescente";"Ceu Claro";"Dupla";"Reta";"Sim";331499;"Caminhonete";"RENAULT/OROCH 20 DYN42AT";2018;"Testemunha";"Nao Informado";NA;"Nao Informado";0;0;0;0;"-19.7448";"-47.984";"SR-MG";"DEL13";"UOP01/MG"
186484;411271;2019-01-20;"domingo";"20:20:00";"MG";50;170;"UBERABA";"Sim";"Ingestao de alcool";1;"Colisao com objeto estatico";"Sem Vitimas";"Plena Noite";"Crescente";"Ceu Claro";"Dupla";"Reta";"Sim";331499;"Caminhonete";"RENAULT/OROCH 20 DYN42AT";2018;"Testemunha";"Nao Informado";NA;"Nao Informado";0;0;0;0;"-19.7448";"-47.984";"SR-MG";"DEL13";"UOP01/MG"
186488;413142;2019-01-20;"domingo";"22:20:00";"SC";470;87,6;"RODEIO";"Sim";"Ingestao de alcool";1;"Colisao frontal";"Com Vitimas Feridas";"Plena Noite";"Crescente";"Nublado";"Simples";"Reta";"Nao";331529;"Automóvel";"I/CITROEN C4 20EXCA5P F";2010;"Condutor";"Ileso";54;"Masculino";1;0;0;0;"-26.95199126";"-49.35405403";"SR-SC";"DEL8/4";"UOP01/SC"
186488;411407;2019-01-20;"domingo";"22:20:00";"SC";470;87,6;"RODEIO";"Sim";"Ingestao de alcool";1;"Colisao frontal";"Com Vitimas Feridas";"Plena Noite";"Crescente";"Nublado";"Simples";"Reta";"Nao";331528;"Motocicleta";"HONDA/NXR150BROS MIX ESD";2010;"Condutor";"Lesoes Leves";40;"Masculino";0;1;0;0;"-26.95199126";"-49.35405403";"SR-SC";"DEL8/4";"UOP01/SC"
186491;412993;2019-01-20;"domingo";"22:05:00";"DF";20;17,2;"BRASILIA";"Sim";"Ingestao de alcool";2;"Capotamento";"Com Vitimas Feridas";"Plena Noite";"Decrescente";"Ceu Claro";"Dupla";"Nao Informado";"Nao";331514;"Automóvel";"FIAT/UNO VIVACE 1.0";2015;"Passageiro";"Lesoes Leves";NA;"Feminino";0;1;0;0;"-15.621374";"-47.71698";"SR-DF";"DF";"UOP04/DF"
186491;412995;2019-01-20;"domingo";"22:05:00";"DF";20;17,2;"BRASILIA";"Sim";"Ingestao de alcool";2;"Capotamento";"Com Vitimas Feridas";"Plena Noite";"Decrescente";"Ceu Claro";"Dupla";"Nao Informado";"Nao";331514;"Automóvel";"FIAT/UNO VIVACE 1.0";2015;"Passageiro";"Lesoes Leves";NA;"Feminino";0;1;0;0;"-15.621374";"-47.71698";"SR-DF";"DF";"UOP04/DF"
186491;412977;2019-01-20;"domingo";"22:05:00";"DF";20;17,2;"BRASILIA";"Sim";"Ingestao de alcool";2;"Capotamento";"Com Vitimas Feridas";"Plena Noite";"Decrescente";"Ceu Claro";"Dupla";"Nao Informado";"Nao";331514;"Automóvel";"FIAT/UNO VIVACE 1.0";2015;"Condutor";"Lesoes Leves";43;"Masculino";0;1;0;0;"-15.621374";"-47.71698";"SR-DF";"DF";"UOP04/DF"
186491;412996;2019-01-20;"domingo";"22:05:00";"DF";20;17,2;"BRASILIA";"Sim";"Ingestao de alcool";2;"Capotamento";"Com Vitimas Feridas";"Plena Noite";"Decrescente";"Ceu Claro";"Dupla";"Nao Informado";"Nao";331514;"Automóvel";"FIAT/UNO VIVACE 1.0";2015;"Passageiro";"Lesoes Leves";NA;"Feminino";0;1;0;0;"-15.621374";"-47.71698";"SR-DF";"DF";"UOP04/DF"
186491;412994;2019-01-20;"domingo";"22:05:00";"DF";20;17,2;"BRASILIA";"Sim";"Ingestao de alcool";2;"Capotamento";"Com Vitimas Feridas";"Plena Noite";"Decrescente";"Ceu Claro";"Dupla";"Nao Informado";"Nao";331514;"Automóvel";"FIAT/UNO VIVACE 1.0";2015;"Passageiro";"Lesoes Leves";NA;"Feminino";0;1;0;0;"-15.621374";"-47.71698";"SR-DF";"DF";"UOP04/DF"
186491;413017;2019-01-20;"domingo";"22:05:00";"DF";20;17,2;"BRASILIA";"Sim";"Ingestao de alcool";2;"Capotamento";"Com Vitimas Feridas";"Plena Noite";"Decrescente";"Ceu Claro";"Dupla";"Nao Informado";"Nao";331513;"Automóvel";"GM/ASTRA HB 4P ADVANTAGE";2008;"Condutor";"Ileso";44;"Masculino";1;0;0;0;"-15.621374";"-47.71698";"SR-DF";"DF";"UOP04/DF"
186491;413020;2019-01-20;"domingo";"22:05:00";"DF";20;17,2;"BRASILIA";"Sim";"Ingestao de alcool";2;"Capotamento";"Com Vitimas Feridas";"Plena Noite";"Decrescente";"Ceu Claro";"Dupla";"Nao Informado";"Nao";331513;"Automóvel";"GM/ASTRA HB 4P ADVANTAGE";2008;"Passageiro";"Ileso";NA;"Masculino";1;0;0;0;"-15.621374";"-47.71698";"SR-DF";"DF";"UOP04/DF"
186491;413018;2019-01-20;"domingo";"22:05:00";"DF";20;17,2;"BRASILIA";"Sim";"Ingestao de alcool";2;"Capotamento";"Com Vitimas Feridas";"Plena Noite";"Decrescente";"Ceu Claro";"Dupla";"Nao Informado";"Nao";331513;"Automóvel";"GM/ASTRA HB 4P ADVANTAGE";2008;"Passageiro";"Ileso";NA;"Feminino";1;0;0;0;"-15.621374";"-47.71698";"SR-DF";"DF";"UOP04/DF"
186495;412935;2019-01-20;"domingo";"22:50:00";"SC";470;167,9;"POUSO REDONDO";"Sim";"Ingestao de alcool";1;"Colisao com objeto estatico";"Com Vitimas Feridas";"Plena Noite";"Crescente";"Nublado";"Simples";"Reta";"Nao";331541;"Automóvel";"RENAULT/CLIO AUT 1.0 H";2003;"Passageiro";"Lesoes Leves";28;"Feminino";0;1;0;0;"-27.269835";"-49.863087";"SR-SC";"DEL8/4";"UOP02/SC"
186495;412936;2019-01-20;"domingo";"22:50:00";"SC";470;167,9;"POUSO REDONDO";"Sim";"Ingestao de alcool";1;"Colisao com objeto estatico";"Com Vitimas Feridas";"Plena Noite";"Crescente";"Nublado";"Simples";"Reta";"Nao";331541;"Automóvel";"RENAULT/CLIO AUT 1.0 H";2003;"Condutor";"Lesoes Leves";23;"Masculino";0;1;0;0;"-27.269835";"-49.863087";"SR-SC";"DEL8/4";"UOP02/SC"
186504;411308;2019-01-20;"domingo";"23:49:00";"PR";277;4,9;"PARANAGUA";"Sim";"Ingestao de alcool";1;"Colisao frontal";"Sem Vitimas";"Plena Noite";"Crescente";"Chuva";"Simples";"Nao Informado";"Sim";331518;"Ônibus";"MARCOPOLO/VOLARE W9 ON";2013;"Condutor";"Ileso";48;"Masculino";1;0;0;0;"-25.55281827";"-48.56214523";"SR-PR";"DEL7/1";"UOP07/PR"
186504;411302;2019-01-20;"domingo";"23:49:00";"PR";277;4,9;"PARANAGUA";"Sim";"Ingestao de alcool";1;"Colisao frontal";"Sem Vitimas";"Plena Noite";"Crescente";"Chuva";"Simples";"Nao Informado";"Sim";331517;"Automóvel";"RENAULT/LOGAN AUT 1016V";2010;"Condutor";"Ileso";48;"Feminino";1;0;0;0;"-25.55281827";"-48.56214523";"SR-PR";"DEL7/1";"UOP07/PR"
186513;411330;2019-01-21;"segunda-feira";"01:00:00";"SC";101;152,6;"ITAPEMA";"Sim";"Ingestao de alcool";2;"Tombamento";"Com Vitimas Fatais";"Plena Noite";"Decrescente";"Ceu Claro";"Dupla";"Reta";"Sim";331539;"Motocicleta";"HONDA/CG 125 FAN ES";2009;"Condutor";"Óbito";36;"Masculino";0;0;0;1;"-27.1448";"-48.6102";"SR-SC";"DEL8/4";"UOP03/SC"
186513;411353;2019-01-21;"segunda-feira";"01:00:00";"SC";101;152,6;"ITAPEMA";"Sim";"Ingestao de alcool";2;"Tombamento";"Com Vitimas Fatais";"Plena Noite";"Decrescente";"Ceu Claro";"Dupla";"Reta";"Sim";331539;"Motocicleta";"HONDA/CG 125 FAN ES";2009;"Passageiro";"Óbito";40;"Feminino";0;0;0;1;"-27.1448";"-48.6102";"SR-SC";"DEL8/4";"UOP03/SC"
186513;411358;2019-01-21;"segunda-feira";"01:00:00";"SC";101;152,6;"ITAPEMA";"Sim";"Ingestao de alcool";2;"Tombamento";"Com Vitimas Fatais";"Plena Noite";"Decrescente";"Ceu Claro";"Dupla";"Reta";"Sim";331552;"Caminhonete";"VW/SAVEIRO CS TL MB";2015;"Condutor";"Ileso";44;"Masculino";1;0;0;0;"-27.1448";"-48.6102";"SR-SC";"DEL8/4";"UOP03/SC"
186519;413911;2019-01-21;"segunda-feira";"03:29:00";"GO";40;2,9;"VALPARAISO DE GOIAS";"Sim";"Ingestao de alcool";1;"Saida de leito carrocavel";"Sem Vitimas";"Plena Noite";"Decrescente";"Ceu Claro";"Dupla";"Reta";"Nao";331543;"Automóvel";"I/FORD FIESTA SE";2011;"Condutor";"Nao Informado";NA;"Nao Informado";0;0;0;0;"-16.067129";"-47.984235";"SR-DF";"GO";"UOP01/DF"
186520;412609;2019-01-21;"segunda-feira";"00:05:00";"PR";476;135;"CURITIBA";"Sim";"Ingestao de alcool";1;"Colisao transversal";"Com Vitimas Feridas";"Plena Noite";"Decrescente";"Nublado";"Dupla";"Reta";"Sim";331576;"Camioneta";"JEEP/RENEGADE SPORT AT";2016;"Condutor";"Ileso";49;"Masculino";1;0;0;0;"-25.483786";"-49.265808";"SR-PR";"DEL7/1";"UOP06/PR"
186520;412606;2019-01-21;"segunda-feira";"00:05:00";"PR";476;135;"CURITIBA";"Sim";"Ingestao de alcool";1;"Colisao transversal";"Com Vitimas Feridas";"Plena Noite";"Decrescente";"Nublado";"Dupla";"Reta";"Sim";331575;"Motocicleta";"YAMAHA/XJ6 N";2014;"Condutor";"Lesoes Leves";33;"Masculino";0;1;0;0;"-25.483786";"-49.265808";"SR-PR";"DEL7/1";"UOP06/PR"
186522;412469;2019-01-21;"segunda-feira";"03:00:00";"SE";101;7;"CEDRO DE SAO JOAO";"Nao";"Ingestao de alcool";2;"Queda de ocupante de veiculo";"Com Vitimas Feridas";"Plena Noite";"Crescente";"Garoa/Chuvisco";"Simples";"Nao Informado";"Nao";331557;"Motocicleta";"HONDA/CG 150 FAN ESI";2013;"Condutor";"Lesoes Leves";33;"Masculino";0;1;0;0;"-10.255915";"-36.861301";"SR-SE";"DEL20/2";"UOP02/SE"
186522;412471;2019-01-21;"segunda-feira";"03:00:00";"SE";101;7;"CEDRO DE SAO JOAO";"Nao";"Ingestao de alcool";2;"Queda de ocupante de veiculo";"Com Vitimas Feridas";"Plena Noite";"Crescente";"Garoa/Chuvisco";"Simples";"Nao Informado";"Nao";331557;"Motocicleta";"HONDA/CG 150 FAN ESI";2013;"Passageiro";"Lesoes Graves";36;"Masculino";0;0;1;0;"-10.255915";"-36.861301";"SR-SE";"DEL20/2";"UOP02/SE"
186523;413266;2019-01-21;"segunda-feira";"00:15:00";"SC";470;147,9;"AGRONOMICA";"Sim";"Ingestao de alcool";1;"Saida de leito carrocavel";"Sem Vitimas";"Plena Noite";"Crescente";"Nublado";"Dupla";"Curva";"Nao";331542;"Automóvel";"FIAT/PALIO EX";2003;"Condutor";"Ileso";29;"Masculino";1;0;0;0;"-27.243439";"-49.690025";"SR-SC";"DEL8/4";"UOP02/SC"
186524;411379;2019-01-21;"segunda-feira";"01:50:00";"MG";50;118,4;"UBERABA";"Sim";"Ingestao de alcool";1;"Colisao lateral";"Sem Vitimas";"Plena Noite";"Decrescente";"Ceu Claro";"Dupla";"Retorno Regulamentado";"Nao";331569;"Caminhao";"";NA;"Condutor";"Nao Informado";NA;"Nao Informado";0;0;0;0;"-19.2995";"-48.1139";"SR-MG";"DEL13";"UOP01/MG"
186524;411345;2019-01-21;"segunda-feira";"01:50:00";"MG";50;118,4;"UBERABA";"Sim";"Ingestao de alcool";1;"Colisao lateral";"Sem Vitimas";"Plena Noite";"Decrescente";"Ceu Claro";"Dupla";"Retorno Regulamentado";"Nao";331546;"Automóvel";"I/CITROEN C4 20 VTR";2008;"Passageiro";"Ileso";44;"Masculino";1;0;0;0;"-19.2995";"-48.1139";"SR-MG";"DEL13";"UOP01/MG"
186524;411344;2019-01-21;"segunda-feira";"01:50:00";"MG";50;118,4;"UBERABA";"Sim";"Ingestao de alcool";1;"Colisao lateral";"Sem Vitimas";"Plena Noite";"Decrescente";"Ceu Claro";"Dupla";"Retorno Regulamentado";"Nao";331546;"Automóvel";"I/CITROEN C4 20 VTR";2008;"Condutor";"Ileso";47;"Masculino";1;0;0;0;"-19.2995";"-48.1139";"SR-MG";"DEL13";"UOP01/MG"
186531;412925;2019-01-21;"segunda-feira";"01:30:00";"SC";101;436,5;"SOMBRIO";"Sim";"Ingestao de alcool";1;"Colisao frontal";"Sem Vitimas";"Plena Noite";"Crescente";"Chuva";"Multipla";"Rotatória";"Sim";331565;"Automóvel";"I/CHEV CRUZE LT HB AT";2018;"Condutor";"Ileso";28;"Masculino";1;0;0;0;"-29.1138";"-49.6396";"SR-SC";"DEL8/2";"UOP02/SC"
186531;413045;2019-01-21;"segunda-feira";"01:30:00";"SC";101;436,5;"SOMBRIO";"Sim";"Ingestao de alcool";1;"Colisao frontal";"Sem Vitimas";"Plena Noite";"Crescente";"Chuva";"Multipla";"Rotatória";"Sim";331565;"Automóvel";"I/CHEV CRUZE LT HB AT";2018;"Testemunha";"Nao Informado";NA;"Nao Informado";0;0;0;0;"-29.1138";"-49.6396";"SR-SC";"DEL8/2";"UOP02/SC"
186531;412924;2019-01-21;"segunda-feira";"01:30:00";"SC";101;436,5;"SOMBRIO";"Sim";"Ingestao de alcool";1;"Colisao frontal";"Sem Vitimas";"Plena Noite";"Crescente";"Chuva";"Multipla";"Rotatória";"Sim";331564;"Automóvel";"FIAT/PALIO EDX";1997;"Condutor";"Ileso";31;"Masculino";1;0;0;0;"-29.1138";"-49.6396";"SR-SC";"DEL8/2";"UOP02/SC"
186609;411717;2019-01-21;"segunda-feira";"12:30:00";"PI";316;3,8;"TERESINA";"Nao";"Ingestao de alcool";2;"Queda de ocupante de veiculo";"Com Vitimas Feridas";"Pleno dia";"Decrescente";"Ceu Claro";"Simples";"Reta";"Sim";331764;"Motocicleta";"HONDA/CG 125 FAN KS";2013;"Condutor";"Lesoes Graves";27;"Masculino";0;0;1;0;"-5.128264";"-42.792923";"SR-PI";"DEL17/1";"UOP02/PI"
186693;411835;2019-01-21;"segunda-feira";"19:50:00";"PE";424;90,7;"GARANHUNS";"Sim";"Ingestao de alcool";1;"Colisao com objeto em movimento";"Com Vitimas Feridas";"Plena Noite";"Crescente";"Ceu Claro";"Simples";"Reta";"Sim";331917;"Carroca-charrete";"";NA;"Passageiro";"Lesoes Leves";20;"Feminino";0;1;0;0;"-8.896362";"-36.501579";"SR-PE";"DEL11/3";"UOP01/PE"
186693;411833;2019-01-21;"segunda-feira";"19:50:00";"PE";424;90,7;"GARANHUNS";"Sim";"Ingestao de alcool";1;"Colisao com objeto em movimento";"Com Vitimas Feridas";"Plena Noite";"Crescente";"Ceu Claro";"Simples";"Reta";"Sim";331917;"Carroca-charrete";"";NA;"Condutor";"Ileso";26;"Masculino";1;0;0;0;"-8.896362";"-36.501579";"SR-PE";"DEL11/3";"UOP01/PE"
186693;411829;2019-01-21;"segunda-feira";"19:50:00";"PE";424;90,7;"GARANHUNS";"Sim";"Ingestao de alcool";1;"Colisao com objeto em movimento";"Com Vitimas Feridas";"Plena Noite";"Crescente";"Ceu Claro";"Simples";"Reta";"Sim";331861;"Caminhonete";"I/FORD RANGER XL 13F";2002;"Condutor";"Ileso";63;"Masculino";1;0;0;0;"-8.896362";"-36.501579";"SR-PE";"DEL11/3";"UOP01/PE"