"id";"pesid";"data_inversa";"dia_semana";"horario";"uf";"br";"km";"municipio";"causa_principal";"causa_acidente";"ordem_tipo_acidente";"tipo_acidente";"classificacao_acidente";"fase_dia";"sentido_via";"condicao_metereologica";"tipo_pista";"tracado_via";"uso_solo";"id_veiculo";"tipo_veiculo";"marca";"ano_fabricacao_veiculo";"tipo_envolvido";"estado_fisico";"idade";"sexo";"ilesos";"feridos_leves";"feridos_graves";"mortos";"latitude";"longitude";"regional";"delegacia";"uop"
186703;412576;2019-01-21;"segunda-feira";"16:20:00";"PR";277;347;"GUARAPUAVA";"Sim";"Ingestao de alcool";1;"Colisao traseira";"Sem Vitimas";"Pleno dia";"Crescente";"Chuva";"Simples";"Reta";"Sim";332383;"Caminhonete";"CHEVROLET/S10 LTZ DD4A";2016;"Condutor";"Ileso";37;"Masculino";1;0;0;0;"-25.37559282";"-51.50364876";"SR-PR";"DEL7/3";"UOP02/PR"
186703;412573;2019-01-21;"segunda-feira";"16:20:00";"PR";277;347;"GUARAPUAVA";"Sim";"Ingestao de alcool";1;"Colisao traseira";"Sem Vitimas";"Pleno dia";"Crescente";"Chuva";"Simples";"Reta";"Sim";331889;"Caminhao-trator";"SCANIA/T114 GA4X2NZ 360";1998;"Condutor";"Ileso";68;"Masculino";1;0;0;0;"-25.37559282";"-51.50364876";"SR-PR";"DEL7/3";"UOP02/PR"
186760;411983;2019-01-22;"terca-feira";"08:00:00";"GO";153;199;"URUACU";"Sim";"Ingestao de alcool";1;"Atropelamento de Pedestre";"Com Vitimas Feridas";"Pleno dia";"Crescente";"Ceu Claro";"Simples";"Reta";"Sim";333572;"Outros";"";NA;"Pedestre";"Lesoes Leves";24;"Masculino";0;1;0;0;"-14.50479";"-49.148914";"SR-GO";"DEL1/7";"UOP02/GO"
186760;414300;2019-01-22;"terca-feira";"08:00:00";"GO";153;199;"URUACU";"Sim";"Ingestao de alcool";1;"Atropelamento de Pedestre";"Com Vitimas Feridas";"Pleno dia";"Crescente";"Ceu Claro";"Simples";"Reta";"Sim";333572;"Outros";"";NA;"Condutor";"Ileso";NA;"Ignorado";1;0;0;0;"-14.50479";"-49.148914";"SR-GO";"DEL1/7";"UOP02/GO"
186856;412394;2019-01-22;"terca-feira";"20:10:00";"SP";116;211;"GUARULHOS";"Sim";"Ingestao de alcool";1;"Colisao com objeto estatico";"Com Vitimas Feridas";"Plena Noite";"Decrescente";"Nublado";"Multipla";"Reta";"Sim";332236;"Automóvel";"CHEVROLET/CLASSIC LS";2010;"Condutor";"Lesoes Leves";24;"Masculino";0;1;0;0;"-23.43270721";"-46.4202064";"SR-SP";"DEL6/1";"UOP01/SP"
186867;416212;2019-01-22;"terca-feira";"20:40:00";"AL";104;87;"RIO LARGO";"Sim";"Ingestao de alcool e/ou substâncias psicoativas pelo pedestre";1;"Colisao com objeto em movimento";"Com Vitimas Feridas";"Plena Noite";"Crescente";"Chuva";"Dupla";"Reta";"Sim";332247;"Outros";"";NA;"Passageiro";"Lesoes Graves";44;"Feminino";0;0;1;0;"-9.47221723";"-35.8230257";"SR-AL";"DEL13/1";"UOP01/AL"
186867;416215;2019-01-22;"terca-feira";"20:40:00";"AL";104;87;"RIO LARGO";"Sim";"Ingestao de alcool e/ou substâncias psicoativas pelo pedestre";1;"Colisao com objeto em movimento";"Com Vitimas Feridas";"Plena Noite";"Crescente";"Chuva";"Dupla";"Reta";"Sim";332247;"Outros";"";NA;"Condutor";"Lesoes Graves";NA;"Masculino";0;0;1;0;"-9.47221723";"-35.8230257";"SR-AL";"DEL13/1";"UOP01/AL"
186867;412342;2019-01-22;"terca-feira";"20:40:00";"AL";104;87;"RIO LARGO";"Sim";"Ingestao de alcool e/ou substâncias psicoativas pelo pedestre";1;"Colisao com objeto em movimento";"Com Vitimas Feridas";"Plena Noite";"Crescente";"Chuva";"Dupla";"Reta";"Sim";332243;"Caminhonete";"FIAT/FIOR MODIFICAR AB1";2015;"Condutor";"Ileso";38;"Masculino";1;0;0;0;"-9.47221723";"-35.8230257";"SR-AL";"DEL13/1";"UOP01/AL"
186874;412374;2019-01-22;"terca-feira";"21:50:00";"AL";104;35,2;"UNIAO DOS PALMARES";"Sim";"Ingestao de alcool e/ou substâncias psicoativas pelo pedestre";1;"Atropelamento de Pedestre";"Com Vitimas Feridas";"Plena Noite";"Crescente";"Chuva";"Simples";"Reta";"Sim";332245;"Motocicleta";"";NA;"Condutor";"Nao Informado";NA;"Nao Informado";0;0;0;0;"-9.16205226";"-36.0173893";"SR-AL";"DEL13/1";"UOP02/AL"
186874;412371;2019-01-22;"terca-feira";"21:50:00";"AL";104;35,2;"UNIAO DOS PALMARES";"Sim";"Ingestao de alcool e/ou substâncias psicoativas pelo pedestre";1;"Atropelamento de Pedestre";"Com Vitimas Feridas";"Plena Noite";"Crescente";"Chuva";"Simples";"Reta";"Sim";332245;"Motocicleta";"";NA;"Pedestre";"Lesoes Graves";40;"Masculino";0;0;1;0;"-9.16205226";"-36.0173893";"SR-AL";"DEL13/1";"UOP02/AL"
186881;412354;2019-01-22;"terca-feira";"23:05:00";"MT";163;713;"SORRISO";"Nao";"Ingestao de alcool";1;"Colisao transversal";"Sem Vitimas";"Plena Noite";"Decrescente";"Ceu Claro";"Simples";"Reta";"Sim";332256;"Automóvel";"VW/SANTANA 2000 MI EXCL.";1998;"Condutor";"Nao Informado";NA;"Nao Informado";0;0;0;0;"-12.85776791";"-55.83141111";"SR-MT";"DEL2/6";"UOP01/MT"
186881;412356;2019-01-22;"terca-feira";"23:05:00";"MT";163;713;"SORRISO";"Nao";"Ingestao de alcool";1;"Colisao transversal";"Sem Vitimas";"Plena Noite";"Decrescente";"Ceu Claro";"Simples";"Reta";"Sim";332255;"Ônibus";"MBENZ/MPOLO PARADISO LDR";2011;"Condutor";"Ileso";47;"Masculino";1;0;0;0;"-12.85776791";"-55.83141111";"SR-MT";"DEL2/6";"UOP01/MT"
186885;414047;2019-01-23;"quarta-feira";"03:00:00";"PA";163;1003,6;"SANTAREM";"Nao";"Ingestao de alcool";2;"Colisao com objeto estatico";"Sem Vitimas";"Plena Noite";"Decrescente";"Chuva";"Dupla";"Reta";"Sim";332264;"Caminhonete";"GM/S10 EXECUTIVE D 4X4";2011;"Condutor";"Nao Informado";NA;"Nao Informado";0;0;0;0;"-2.43820917";"-54.7330787";"SR-PA";"DEL19/5";"UOP01/PA"
186898;412672;2019-01-23;"quarta-feira";"02:15:00";"TO";153;671,6;"GURUPI";"Sim";"Ingestao de alcool";1;"Saida de leito carrocavel";"Sem Vitimas";"Plena Noite";"Crescente";"Ceu Claro";"Dupla";"Reta";"Sim";332458;"Caminhao-trator";"SCANIA/T112 H 4X2";1985;"Condutor";"Ileso";37;"Masculino";1;0;0;0;"-11.720757";"-49.077137";"SR-TO";"UOP01/TO";""
186910;412476;2019-01-20;"domingo";"04:30:00";"MG";267;280,9;"AIURUOCA";"Sim";"Ingestao de alcool";1;"Saida de leito carrocavel";"Com Vitimas Feridas";"Plena Noite";"Decrescente";"Ceu Claro";"Simples";"Nao Informado";"Nao";332307;"Automóvel";"I/JAGUAR X-TYPE 3.0";2006;"Condutor";"Lesoes Leves";44;"Masculino";0;1;0;0;"-21.925083";"-44.733373";"SR-MG";"DEL5";"UOP03/MG"
186916;412559;2019-01-20;"domingo";"01:30:00";"SE";101;22,1;"MALHADA DOS BOIS";"Sim";"Ingestao de alcool";2;"Tombamento";"Sem Vitimas";"Plena Noite";"Crescente";"Ceu Claro";"Simples";"Retorno Regulamentado";"Nao";332315;"Caminhao";"M.BENZ/L 1620";2003;"Condutor";"Ileso";36;"Masculino";1;0;0;0;"-10.38575942";"-36.91571474";"SR-SE";"DEL20/2";"UOP02/SE"
186916;412582;2019-01-20;"domingo";"01:30:00";"SE";101;22,1;"MALHADA DOS BOIS";"Sim";"Ingestao de alcool";2;"Tombamento";"Sem Vitimas";"Plena Noite";"Crescente";"Ceu Claro";"Simples";"Retorno Regulamentado";"Nao";332315;"Caminhao";"M.BENZ/L 1620";2003;"Testemunha";"Nao Informado";NA;"Nao Informado";0;0;0;0;"-10.38575942";"-36.91571474";"SR-SE";"DEL20/2";"UOP02/SE"
186921;412631;2019-01-23;"quarta-feira";"07:00:00";"GO";153;18,2;"PORANGATU";"Sim";"Ingestao de alcool";1;"Tombamento";"Com Vitimas Feridas";"Pleno dia";"Decrescente";"Sol";"Simples";"Reta";"Nao";332316;"Caminhao-trator";"VOLVO/FH 460 6X2T";2017;"Condutor";"Lesoes Leves";37;"Masculino";0;1;0;0;"-12.987399";"-49.15126";"SR-GO";"DEL1/7";"UOP01/GO"
187051;412873;2019-01-24;"quinta-feira";"01:05:00";"SC";101;24,8;"JOINVILLE";"Sim";"Ingestao de alcool";1;"Colisao transversal";"Com Vitimas Feridas";"Plena Noite";"Crescente";"Ceu Claro";"Simples";"Viaduto";"Sim";332601;"Automóvel";"VW/PARATI 1.6 TRACKFIELD";2004;"Condutor";"Lesoes Leves";31;"Masculino";0;1;0;0;"-26.1837";"-48.9105";"SR-SC";"DEL8/3";"UOP01/SC"
187051;412868;2019-01-24;"quinta-feira";"01:05:00";"SC";101;24,8;"JOINVILLE";"Sim";"Ingestao de alcool";1;"Colisao transversal";"Com Vitimas Feridas";"Plena Noite";"Crescente";"Ceu Claro";"Simples";"Viaduto";"Sim";332600;"Caminhao-trator";"IVECO/STRALIS 460S36T";2012;"Condutor";"Ileso";35;"Masculino";1;0;0;0;"-26.1837";"-48.9105";"SR-SC";"DEL8/3";"UOP01/SC"
187052;412895;2019-01-24;"quinta-feira";"01:25:00";"RS";116;260,1;"CANOAS";"Sim";"Ingestao de alcool";1;"Saida de leito carrocavel";"Sem Vitimas";"Plena Noite";"Decrescente";"Nublado";"Multipla";"Reta";"Nao";332620;"Automóvel";"GM/CORSA WIND";1994;"Condutor";"Ileso";23;"Masculino";1;0;0;0;"-29.87914185";"-51.18028348";"SR-RS";"DEL9/1";"UOP01/RS"
187063;414475;2019-01-24;"quinta-feira";"04:20:00";"SC";101;415,4;"ARARANGUA";"Sim";"Ingestao de alcool";1;"Colisao traseira";"Com Vitimas Feridas";"Plena Noite";"Decrescente";"Ignorado";"Simples";"Reta";"Sim";333797;"Automóvel";"";NA;"Condutor";"Nao Informado";NA;"Nao Informado";0;0;0;0;"-28.960487";"-49.516617";"SR-SC";"DEL8/2";"UOP02/SC"
187063;414460;2019-01-24;"quinta-feira";"04:20:00";"SC";101;415,4;"ARARANGUA";"Sim";"Ingestao de alcool";1;"Colisao traseira";"Com Vitimas Feridas";"Plena Noite";"Decrescente";"Ignorado";"Simples";"Reta";"Sim";332615;"Motocicleta";"HONDA/CG 125 TITAN KS";2001;"Condutor";"Lesoes Graves";37;"Masculino";0;0;1;0;"-28.960487";"-49.516617";"SR-SC";"DEL8/2";"UOP02/SC"
187071;413105;2019-01-24;"quinta-feira";"00:00:00";"MG";116;807,7;"ALEM PARAIBA";"Sim";"Ingestao de alcool";1;"Colisao frontal";"Com Vitimas Fatais";"Anoitecer";"Decrescente";"Ceu Claro";"Simples";"Reta";"Nao";332637;"Caminhao";"M.BENZ/L 1620";2006;"Condutor";"Ileso";58;"Masculino";1;0;0;0;"-21.82038913";"-42.68875122";"SR-MG";"DEL4/7";"UOP01/MG"
187071;412912;2019-01-24;"quinta-feira";"00:00:00";"MG";116;807,7;"ALEM PARAIBA";"Sim";"Ingestao de alcool";1;"Colisao frontal";"Com Vitimas Fatais";"Anoitecer";"Decrescente";"Ceu Claro";"Simples";"Reta";"Nao";332636;"Motocicleta";"HONDA/NXR150 BROS KS";2009;"Condutor";"Óbito";28;"Masculino";0;0;0;1;"-21.82038913";"-42.68875122";"SR-MG";"DEL4/7";"UOP01/MG"
187073;412915;2019-01-24;"quinta-feira";"05:20:00";"SC";101;91;"BARRA VELHA";"Sim";"Ingestao de alcool";1;"Saida de leito carrocavel";"Sem Vitimas";"Plena Noite";"Crescente";"Ceu Claro";"Simples";"Reta";"Nao";332635;"Automóvel";"I/RENAULT CLIO EXP1016VH";2015;"Condutor";"Ileso";55;"Masculino";1;0;0;0;"-26.6867";"-48.6953";"SR-SC";"DEL8/3";"UOP02/SC"
187078;413704;2019-01-24;"quinta-feira";"01:00:00";"RO";429;160;"SAO MIGUEL DO GUAPORE";"Sim";"Ingestao de alcool";1;"Queda de ocupante de veiculo";"Com Vitimas Feridas";"Plena Noite";"Decrescente";"Ceu Claro";"Simples";"Reta";"Sim";332649;"Motocicleta";"HONDA/NXR150 BROS ES";2012;"Condutor";"Lesoes Leves";23;"Masculino";0;1;0;0;"-11.700977";"-62.722954";"SR-RO";"DEL21/2";"UOP03/RO"
187104;412951;2019-01-18;"sexta-feira";"20:00:00";"MS";163;79;"ITAQUIRAI";"Sim";"Ingestao de alcool";1;"Colisao frontal";"Com Vitimas Feridas";"Plena Noite";"Decrescente";"Chuva";"Simples";"Curva";"Nao";332669;"Bicicleta";"";NA;"Condutor";"Lesoes Graves";52;"Masculino";0;0;1;0;"-23.465796";"-54.190964";"SR-MS";"DEL3/09";"UOP01/MS"
187104;412950;2019-01-18;"sexta-feira";"20:00:00";"MS";163;79;"ITAQUIRAI";"Sim";"Ingestao de alcool";1;"Colisao frontal";"Com Vitimas Feridas";"Plena Noite";"Decrescente";"Chuva";"Simples";"Curva";"Nao";332668;"Automóvel";"IVECO/TECTOR 240E25";2015;"Condutor";"Ileso";36;"Masculino";1;0;0;0;"-23.465796";"-54.190964";"SR-MS";"DEL3/09";"UOP01/MS"
187168;413206;2019-01-24;"quinta-feira";"14:26:00";"GO";153;542;"HIDROLANDIA";"Sim";"Ingestao de alcool";1;"Saida de leito carrocavel";"Com Vitimas Feridas";"Pleno dia";"Decrescente";"Ceu Claro";"Dupla";"Reta";"Nao";332804;"Automóvel";"TOYOTA/COROLLA GLI FLEX";2011;"Condutor";"Lesoes Leves";50;"Masculino";0;1;0;0;"-17.0727";"-49.2238";"SR-GO";"DEL1/1";"UOP03/GO"
187228;413368;2019-01-24;"quinta-feira";"19:00:00";"RN";110;46,3;"MOSSORO";"Sim";"Ingestao de alcool";1;"Colisao traseira";"Com Vitimas Feridas";"Plena Noite";"Decrescente";"Ceu Claro";"Simples";"Reta";"Sim";332975;"Motocicleta";"HONDA/XR 250 TORNADO";2007;"Condutor";"Lesoes Leves";31;"Masculino";0;1;0;0;"-5.197978";"-37.318398";"SR-RN";"DEL15/4";"UOP01/RN"
187228;413369;2019-01-24;"quinta-feira";"19:00:00";"RN";110;46,3;"MOSSORO";"Sim";"Ingestao de alcool";1;"Colisao traseira";"Com Vitimas Feridas";"Plena Noite";"Decrescente";"Ceu Claro";"Simples";"Reta";"Sim";333002;"Bicicleta";"";NA;"Condutor";"Lesoes Graves";58;"Masculino";0;0;1;0;"-5.197978";"-37.318398";"SR-RN";"DEL15/4";"UOP01/RN"
187280;413375;2019-01-25;"sexta-feira";"04:30:00";"SC";480;130;"CHAPECO";"Sim";"Ingestao de alcool";1;"Colisao com objeto estatico";"Sem Vitimas";"Plena Noite";"Decrescente";"Ceu Claro";"Dupla";"Curva";"Sim";333009;"Automóvel";"FORD/KA SE 1.0 HA";2015;"Condutor";"Ileso";23;"Masculino";1;0;0;0;"-27.0550818";"-52.63587087";"SR-SC";"DEL7";"UOP01/SC"
187400;415365;2019-01-25;"sexta-feira";"16:00:00";"CE";116;27;"ITAITINGA";"Sim";"Ingestao de alcool";1;"Colisao traseira";"Com Vitimas Feridas";"Pleno dia";"Crescente";"Sol";"Dupla";"Reta";"Sim";334481;"Caminhao";"M.BENZ/L 1620";1997;"Condutor";"Ileso";50;"Masculino";1;0;0;0;"-3.9978";"-38.5162";"SR-CE";"DEL16/1";"UOP02/CE"
187400;415402;2019-01-25;"sexta-feira";"16:00:00";"CE";116;27;"ITAITINGA";"Sim";"Ingestao de alcool";1;"Colisao traseira";"Com Vitimas Feridas";"Pleno dia";"Crescente";"Sol";"Dupla";"Reta";"Sim";334480;"Caminhonete";"I/TOYOTA HILUX CDSRVA4FD";2018;"Passageiro";"Ileso";36;"Masculino";1;0;0;0;"-3.9978";"-38.5162";"SR-CE";"DEL16/1";"UOP02/CE"
187400;415412;2019-01-25;"sexta-feira";"16:00:00";"CE";116;27;"ITAITINGA";"Sim";"Ingestao de alcool";1;"Colisao traseira";"Com Vitimas Feridas";"Pleno dia";"Crescente";"Sol";"Dupla";"Reta";"Sim";334480;"Caminhonete";"I/TOYOTA HILUX CDSRVA4FD";2018;"Passageiro";"Lesoes Leves";26;"Feminino";0;1;0;0;"-3.9978";"-38.5162";"SR-CE";"DEL16/1";"UOP02/CE"
187400;415363;2019-01-25;"sexta-feira";"16:00:00";"CE";116;27;"ITAITINGA";"Sim";"Ingestao de alcool";1;"Colisao traseira";"Com Vitimas Feridas";"Pleno dia";"Crescente";"Sol";"Dupla";"Reta";"Sim";334480;"Caminhonete";"I/TOYOTA HILUX CDSRVA4FD";2018;"Condutor";"Ileso";46;"Masculino";1;0;0;0;"-3.9978";"-38.5162";"SR-CE";"DEL16/1";"UOP02/CE"
187400;415400;2019-01-25;"sexta-feira";"16:00:00";"CE";116;27;"ITAITINGA";"Sim";"Ingestao de alcool";1;"Colisao traseira";"Com Vitimas Feridas";"Pleno dia";"Crescente";"Sol";"Dupla";"Reta";"Sim";334480;"Caminhonete";"I/TOYOTA HILUX CDSRVA4FD";2018;"Passageiro";"Ileso";29;"Masculino";1;0;0;0;"-3.9978";"-38.5162";"SR-CE";"DEL16/1";"UOP02/CE"
187400;415409;2019-01-25;"sexta-feira";"16:00:00";"CE";116;27;"ITAITINGA";"Sim";"Ingestao de alcool";1;"Colisao traseira";"Com Vitimas Feridas";"Pleno dia";"Crescente";"Sol";"Dupla";"Reta";"Sim";334480;"Caminhonete";"I/TOYOTA HILUX CDSRVA4FD";2018;"Passageiro";"Lesoes Leves";23;"Feminino";0;1;0;0;"-3.9978";"-38.5162";"SR-CE";"DEL16/1";"UOP02/CE"
187400;415415;2019-01-25;"sexta-feira";"16:00:00";"CE";116;27;"ITAITINGA";"Sim";"Ingestao de alcool";1;"Colisao traseira";"Com Vitimas Feridas";"Pleno dia";"Crescente";"Sol";"Dupla";"Reta";"Sim";334480;"Caminhonete";"I/TOYOTA HILUX CDSRVA4FD";2018;"Passageiro";"Lesoes Leves";39;"Feminino";0;1;0;0;"-3.9978";"-38.5162";"SR-CE";"DEL16/1";"UOP02/CE"
187400;415404;2019-01-25;"sexta-feira";"16:00:00";"CE";116;27;"ITAITINGA";"Sim";"Ingestao de alcool";1;"Colisao traseira";"Com Vitimas Feridas";"Pleno dia";"Crescente";"Sol";"Dupla";"Reta";"Sim";334480;"Caminhonete";"I/TOYOTA HILUX CDSRVA4FD";2018;"Passageiro";"Lesoes Leves";23;"Feminino";0;1;0;0;"-3.9978";"-38.5162";"SR-CE";"DEL16/1";"UOP02/CE"
187400;415398;2019-01-25;"sexta-feira";"16:00:00";"CE";116;27;"ITAITINGA";"Sim";"Ingestao de alcool";1;"Colisao traseira";"Com Vitimas Feridas";"Pleno dia";"Crescente";"Sol";"Dupla";"Reta";"Sim";334480;"Caminhonete";"I/TOYOTA HILUX CDSRVA4FD";2018;"Passageiro";"Ileso";32;"Masculino";1;0;0;0;"-3.9978";"-38.5162";"SR-CE";"DEL16/1";"UOP02/CE"
187414;413837;2019-01-25;"sexta-feira";"16:15:00";"RR";174;501;"BOA VISTA";"Sim";"Ingestao de alcool";1;"Colisao traseira";"Com Vitimas Feridas";"Pleno dia";"Crescente";"Ceu Claro";"Multipla";"Reta";"Sim";333303;"Automóvel";"FIAT/SIENA HLX FLEX";2007;"Passageiro";"Lesoes Leves";NA;"Masculino";0;1;0;0;"2.781689";"-60.703827";"SR-RR";"UOP01/RR";""
187414;413841;2019-01-25;"sexta-feira";"16:15:00";"RR";174;501;"BOA VISTA";"Sim";"Ingestao de alcool";1;"Colisao traseira";"Com Vitimas Feridas";"Pleno dia";"Crescente";"Ceu Claro";"Multipla";"Reta";"Sim";333303;"Automóvel";"FIAT/SIENA HLX FLEX";2007;"Condutor";"Ileso";57;"Masculino";1;0;0;0;"2.781689";"-60.703827";"SR-RR";"UOP01/RR";""
187414;413821;2019-01-25;"sexta-feira";"16:15:00";"RR";174;501;"BOA VISTA";"Sim";"Ingestao de alcool";1;"Colisao traseira";"Com Vitimas Feridas";"Pleno dia";"Crescente";"Ceu Claro";"Multipla";"Reta";"Sim";333302;"Automóvel";"CHEVROLET/COBALT 18A ELI";2017;"Condutor";"Ileso";39;"Masculino";1;0;0;0;"2.781689";"-60.703827";"SR-RR";"UOP01/RR";""
187426;413874;2019-01-25;"sexta-feira";"18:00:00";"GO";50;314,1;"CUMARI";"Sim";"Ingestao de alcool";1;"Colisao com objeto estatico";"Sem Vitimas";"Pleno dia";"Crescente";"Sol";"Simples";"Nao Informado";"Nao";333368;"Automóvel";"GM/ASTRA GLS";1998;"Condutor";"Ileso";41;"Masculino";1;0;0;0;"-18.42465191";"-48.06664467";"SR-GO";"DEL1/6";"UOP01/GO"
187435;413820;2019-01-25;"sexta-feira";"14:00:00";"MA";230;2;"BARAO DE GRAJAU";"Sim";"Ingestao de alcool";1;"Colisao lateral";"Com Vitimas Feridas";"Pleno dia";"Crescente";"Nublado";"Simples";"Reta";"Nao";333274;"Motocicleta";"HONDA/CG 150 TITAN KS";2009;"Condutor";"Lesoes Leves";45;"Masculino";0;1;0;0;"-6.753782";"-43.027554";"SR-PI";"DEL17/3";"UOP01/PI"
187435;413818;2019-01-25;"sexta-feira";"14:00:00";"MA";230;2;"BARAO DE GRAJAU";"Sim";"Ingestao de alcool";1;"Colisao lateral";"Com Vitimas Feridas";"Pleno dia";"Crescente";"Nublado";"Simples";"Reta";"Nao";333273;"Automóvel";"VW/GOL 1.6 RALLYE";2011;"Condutor";"Ileso";43;"Masculino";1;0;0;0;"-6.753782";"-43.027554";"SR-PI";"DEL17/3";"UOP01/PI"
187440;414054;2019-01-25;"sexta-feira";"17:00:00";"PE";316;375;"PETROLANDIA";"Sim";"Ingestao de alcool";1;"Colisao traseira";"Com Vitimas Feridas";"Anoitecer";"Crescente";"Ceu Claro";"Simples";"Reta";"Sim";333320;"Caminhonete";"I/VW AMAROK CD 4X4 SE";2012;"Condutor";"Ileso";64;"Masculino";1;0;0;0;"-8.98715747";"-38.21697235";"SR-BA";"DEL10/7";"UOP01/BA"
187440;414055;2019-01-25;"sexta-feira";"17:00:00";"PE";316;375;"PETROLANDIA";"Sim";"Ingestao de alcool";1;"Colisao traseira";"Com Vitimas Feridas";"Anoitecer";"Crescente";"Ceu Claro";"Simples";"Reta";"Sim";333320;"Caminhonete";"I/VW AMAROK CD 4X4 SE";2012;"Passageiro";"Ileso";33;"Masculino";1;0;0;0;"-8.98715747";"-38.21697235";"SR-BA";"DEL10/7";"UOP01/BA"
187440;414056;2019-01-25;"sexta-feira";"17:00:00";"PE";316;375;"PETROLANDIA";"Sim";"Ingestao de alcool";1;"Colisao traseira";"Com Vitimas Feridas";"Anoitecer";"Crescente";"Ceu Claro";"Simples";"Reta";"Sim";333321;"Motocicleta";"HONDA/CG 150 TITAN ES";2006;"Condutor";"Lesoes Leves";46;"Masculino";0;1;0;0;"-8.98715747";"-38.21697235";"SR-BA";"DEL10/7";"UOP01/BA"
187459;413831;2019-01-25;"sexta-feira";"19:10:00";"PA";316;64;"CASTANHAL";"Sim";"Ingestao de alcool";2;"Queda de ocupante de veiculo";"Sem Vitimas";"Anoitecer";"Crescente";"Ceu Claro";"Dupla";"Reta";"Nao";333324;"Utilitario";"I/JEEP GCHEROKEE LTD3.6L";2011;"Condutor";"Ileso";49;"Masculino";1;0;0;0;"-1.296296";"-47.919842";"SR-PA";"DEL19/1";"UOP02/PA"
187459;413828;2019-01-25;"sexta-feira";"19:10:00";"PA";316;64;"CASTANHAL";"Sim";"Ingestao de alcool";2;"Queda de ocupante de veiculo";"Sem Vitimas";"Anoitecer";"Crescente";"Ceu Claro";"Dupla";"Reta";"Nao";333323;"Motocicleta";"HONDA/CG 125 FAN ES";2011;"Condutor";"Ileso";54;"Masculino";1;0;0;0;"-1.296296";"-47.919842";"SR-PA";"DEL19/1";"UOP02/PA"
187477;415630;2019-01-26;"sabado";"00:25:00";"SC";282;21,2;"PALHOCA";"Sim";"Ingestao de alcool e/ou substâncias psicoativas pelo pedestre";1;"Colisao com objeto estatico";"Com Vitimas Feridas";"Plena Noite";"Crescente";"Nublado";"Simples";"Reta";"Sim";333385;"Automóvel";"FIAT/UNO MILLE SX YOUNG";1997;"Passageiro";"Lesoes Leves";7;"Feminino";0;1;0;0;"-27.68907";"-48.717541";"SR-SC";"DEL8/1";"UOP02/SC"
187477;415628;2019-01-26;"sabado";"00:25:00";"SC";282;21,2;"PALHOCA";"Sim";"Ingestao de alcool e/ou substâncias psicoativas pelo pedestre";1;"Colisao com objeto estatico";"Com Vitimas Feridas";"Plena Noite";"Crescente";"Nublado";"Simples";"Reta";"Sim";333385;"Automóvel";"FIAT/UNO MILLE SX YOUNG";1997;"Passageiro";"Lesoes Leves";34;"Feminino";0;1;0;0;"-27.68907";"-48.717541";"SR-SC";"DEL8/1";"UOP02/SC"
187477;415627;2019-01-26;"sabado";"00:25:00";"SC";282;21,2;"PALHOCA";"Sim";"Ingestao de alcool e/ou substâncias psicoativas pelo pedestre";1;"Colisao com objeto estatico";"Com Vitimas Feridas";"Plena Noite";"Crescente";"Nublado";"Simples";"Reta";"Sim";333385;"Automóvel";"FIAT/UNO MILLE SX YOUNG";1997;"Condutor";"Lesoes Leves";46;"Masculino";0;1;0;0;"-27.68907";"-48.717541";"SR-SC";"DEL8/1";"UOP02/SC"
187477;415629;2019-01-26;"sabado";"00:25:00";"SC";282;21,2;"PALHOCA";"Sim";"Ingestao de alcool e/ou substâncias psicoativas pelo pedestre";1;"Colisao com objeto estatico";"Com Vitimas Feridas";"Plena Noite";"Crescente";"Nublado";"Simples";"Reta";"Sim";333385;"Automóvel";"FIAT/UNO MILLE SX YOUNG";1997;"Passageiro";"Lesoes Leves";10;"Masculino";0;1;0;0;"-27.68907";"-48.717541";"SR-SC";"DEL8/1";"UOP02/SC"